[
null,
{"id":1,"battlerName":"Actor1_6","characterIndex":5,"characterName":"Actor1","classId":1,"equips":[3,0,15,3,23],"faceIndex":5,"faceName":"Actor1","traits":[],"initialLevel":1,"maxLevel":99,"name":"ケイシー","nickname":"","note":"<CAPic:Actor1_6>　←メイン画指定\n<cadd:0.9>　 　　 ←メイン画の倍率","profile":"ただ一人 カードが使える！　物理攻撃が無属性となる\nケイシーが倒されると、\\c[17]ゲームオーバー\\c[0]になるので注意！"},
{"id":2,"battlerName":"","characterIndex":0,"characterName":"","classId":1,"equips":[0,0,0,0,0],"faceIndex":0,"faceName":"","traits":[],"initialLevel":1,"maxLevel":99,"name":"","nickname":"","note":"","profile":""},
{"id":3,"battlerName":"Actor2_4","characterIndex":3,"characterName":"Actor2","classId":3,"equips":[4,13,105,9,23],"faceIndex":3,"faceName":"Actor2","traits":[{"code":35,"dataId":31,"value":1},{"code":14,"dataId":4,"value":1}],"initialLevel":1,"maxLevel":99,"name":"ジャンヌ","nickname":"","note":"<CAPic:Actor2_4>　　<cadd:0.9>","profile":"カードで召喚される。　物理攻撃が無属性になる\n攻守とも最強で、毒も無効。　ねらわれ率300％"},
{"id":4,"battlerName":"Actor3_8","characterIndex":7,"characterName":"Actor3","classId":4,"equips":[3,0,105,3,23],"faceIndex":7,"faceName":"Actor3","traits":[{"code":35,"dataId":32,"value":1},{"code":14,"dataId":4,"value":1}],"initialLevel":1,"maxLevel":99,"name":"ヒミコ","nickname":"","note":"<CAPic:Actor3_8>　　<cadd:0.9>","profile":"カードで召喚される。　通常攻撃が無属性全体魔法となる\n全属性の魔法を使え、毒も無効。　ねらわれ率200％"},
{"id":5,"battlerName":"Actor3_5","characterIndex":4,"characterName":"Actor3","classId":5,"equips":[5,0,18,6,24],"faceIndex":4,"faceName":"Actor3","traits":[{"code":35,"dataId":31,"value":1},{"code":14,"dataId":4,"value":1}],"initialLevel":1,"maxLevel":99,"name":"カムイ","nickname":"","note":"<CAPic:Actor3_5>　　<cadd:0.9>","profile":"カードで召喚される。　物理攻撃が無属性になる\n回避率・敏捷性が高く、毒も無効。　ねらわれ率300％"},
{"id":6,"battlerName":"Actor1_2","characterIndex":1,"characterName":"Actor1","classId":6,"equips":[6,12,0,8,23],"faceIndex":1,"faceName":"Actor1","traits":[{"code":31,"dataId":2,"value":1},{"code":11,"dataId":3,"value":1.6},{"code":35,"dataId":31,"value":1}],"initialLevel":1,"maxLevel":99,"name":"プリシア","nickname":"","note":"<CAPic:Actor1_2>　　←メイン画指定\n<cadd:0.9,-10>　　　←倍率, X補正\n<ctxt1:\\i[64]>　　　←メモ置換番号1自由文字","profile":"カードで召喚される。　物理攻撃が\\i[64]属性になる\n通常攻撃が全体攻撃になり強い。　ねらわれ率300％"},
{"id":7,"battlerName":"Actor2_1","characterIndex":0,"characterName":"Actor2","classId":7,"equips":[6,12,17,8,0],"faceIndex":0,"faceName":"Actor2","traits":[{"code":31,"dataId":3,"value":1},{"code":11,"dataId":4,"value":1.6},{"code":35,"dataId":31,"value":1}],"initialLevel":1,"maxLevel":99,"name":"クール","nickname":"","note":"<CAPic:Actor2_1>　　←メイン画指定\n<cadd:0.9,0,5>　　　←倍率, X補正, Y補正\n<ctxt1:\\i[67]>　　　←メモ置換番号1自由文字","profile":"カードで召喚される。　物理攻撃が\\i[67]属性になる\n通常攻撃が全体攻撃になり強い。　ねらわれ率300％"},
{"id":8,"battlerName":"Actor2_8","characterIndex":7,"characterName":"Actor2","classId":8,"equips":[6,12,0,8,0],"faceIndex":7,"faceName":"Actor2","traits":[{"code":31,"dataId":4,"value":1},{"code":11,"dataId":2,"value":1.6},{"code":35,"dataId":31,"value":1}],"initialLevel":1,"maxLevel":99,"name":"スージー","nickname":"","note":"<CAPic:Actor2_8>　　<cadd:0.9,-5,10>\n<ctxt1:\\i[69]>","profile":"カードで召喚される。　物理攻撃が\\i[69]属性になる\n通常攻撃が全体攻撃になり強い。　ねらわれ率300％"},
{"id":9,"battlerName":"Actor1_5","characterIndex":4,"characterName":"Actor1","classId":9,"equips":[3,0,0,4,0],"faceIndex":4,"faceName":"Actor1","traits":[{"code":35,"dataId":27,"value":1}],"initialLevel":1,"maxLevel":99,"name":"ルシュ","nickname":"","note":"<CAPic:Actor1_5>　　<cadd:0.9,-5,5>","profile":"カードで召喚される。　通常攻撃が無属性の魔法になる\nコスト1で召喚できる術士。　ねらわれ率200％"},
{"id":10,"battlerName":"Actor3_6","characterIndex":5,"characterName":"Actor3","classId":10,"equips":[3,0,18,4,0],"faceIndex":5,"faceName":"Actor3","traits":[{"code":11,"dataId":3,"value":1.6},{"code":35,"dataId":28,"value":1}],"initialLevel":1,"maxLevel":99,"name":"ローズ","nickname":"","note":"<CAPic:Actor3_6>　　<cadd:1,0,10>\n<ctxt1:\\i[64]>","profile":"カードで召喚される。　通常攻撃が\\i[64]属性の魔法で強力\n技も多彩だが、防御力が低い。　ねらわれ率200％"},
{"id":11,"battlerName":"Actor2_3","characterIndex":2,"characterName":"Actor2","classId":11,"equips":[3,0,17,4,0],"faceIndex":2,"faceName":"Actor2","traits":[{"code":11,"dataId":4,"value":1.6},{"code":35,"dataId":29,"value":1}],"initialLevel":1,"maxLevel":99,"name":"レアン","nickname":"","note":"<CAPic:Actor2_3>　　<cadd:0.9,0,10>\n<ctxt1:\\i[67]>","profile":"カードで召喚される。　通常攻撃が\\i[67]属性の魔法で強力\n技も多彩だが、防御力が低い。　ねらわれ率200％"},
{"id":12,"battlerName":"Actor1_8","characterIndex":7,"characterName":"Actor1","classId":12,"equips":[3,0,18,4,21],"faceIndex":7,"faceName":"Actor1","traits":[{"code":11,"dataId":2,"value":1.6},{"code":35,"dataId":30,"value":1}],"initialLevel":1,"maxLevel":99,"name":"ミント","nickname":"","note":"<CAPic:Actor1_8>　　<cadd:0.9>\n<ctxt1:\\i[69]>","profile":"カードで召喚される。　通常攻撃が\\i[69]属性の魔法で強力\n技も多彩だが、防御力が低い。　ねらわれ率200％"},
{"id":13,"battlerName":"Actor2_2","characterIndex":1,"characterName":"Actor2","classId":13,"equips":[7,11,19,7,23],"faceIndex":1,"faceName":"Actor2","traits":[{"code":31,"dataId":2,"value":1},{"code":11,"dataId":3,"value":1.6}],"initialLevel":1,"maxLevel":99,"name":"シルト","nickname":"","note":"<CAPic:Actor2_2>　　<cadd:0.9,0,5>\n<ctxt1:\\i[64]>","profile":"カードで召喚される。　物理攻撃が\\i[64]属性になる\n防御力は高いが、敏捷性が低い盾役。　ねらわれ率400％"},
{"id":14,"battlerName":"Actor3_7","characterIndex":6,"characterName":"Actor3","classId":14,"equips":[7,11,19,7,0],"faceIndex":6,"faceName":"Actor3","traits":[{"code":31,"dataId":3,"value":1},{"code":11,"dataId":4,"value":1.6}],"initialLevel":1,"maxLevel":99,"name":"ハード","nickname":"","note":"<CAPic:Actor3_7>　　<cadd:0.9,-10>\n<ctxt1:\\i[67]>","profile":"カードで召喚される。　物理攻撃が\\i[67]属性になる　\n防御力は高いが、敏捷性が低い盾役。　ねらわれ率400％"},
{"id":15,"battlerName":"Actor2_5","characterIndex":4,"characterName":"Actor2","classId":15,"equips":[7,11,0,6,22],"faceIndex":4,"faceName":"Actor2","traits":[{"code":31,"dataId":4,"value":1},{"code":11,"dataId":2,"value":1.6}],"initialLevel":1,"maxLevel":99,"name":"ガッツ","nickname":"","note":"<CAPic:Actor2_5>　　<cadd:0.9,-5>\n<ctxt1:\\i[69]>","profile":"カードで召喚される。　物理攻撃が\\i[69]属性になる　\n防御力は高いが、敏捷性が低い盾役。　ねらわれ率400％"},
{"id":16,"battlerName":"Actor2_6","characterIndex":5,"characterName":"Actor2","classId":16,"equips":[8,0,16,5,0],"faceIndex":5,"faceName":"Actor2","traits":[],"initialLevel":1,"maxLevel":99,"name":"バーサリー","nickname":"","note":"<CAPic:Actor2_6>　　<cadd:0.9>","profile":"カードで召喚される。　物理攻撃が無属性になる\n弱いが コスト 0 で唯一召喚できる。　ねらわれ率300％"},
{"id":17,"battlerName":"Actor1_4","characterIndex":3,"characterName":"Actor1","classId":17,"equips":[8,0,0,5,0],"faceIndex":3,"faceName":"Actor1","traits":[{"code":31,"dataId":2,"value":1},{"code":11,"dataId":3,"value":1.6}],"initialLevel":1,"maxLevel":99,"name":"ミシェル","nickname":"","note":"<CAPic:Actor1_4>　　<cadd:0.9>\n<ctxt1:\\i[64]>","profile":"カードで召喚される。　物理攻撃が\\i[64]属性になる\nコスト1で召喚でき、序盤で活躍。　ねらわれ率300％"},
{"id":18,"battlerName":"Actor1_7","characterIndex":6,"characterName":"Actor1","classId":18,"equips":[8,0,0,5,0],"faceIndex":6,"faceName":"Actor1","traits":[{"code":31,"dataId":3,"value":1},{"code":11,"dataId":4,"value":1.6}],"initialLevel":1,"maxLevel":99,"name":"エリオット","nickname":"","note":"<CAPic:Actor1_7>　　<cadd:0.9>\n<ctxt1:\\i[67]>","profile":"カードで召喚される。　物理攻撃が\\i[67]属性になる　\nコスト1で召喚でき、序盤で活躍。　ねらわれ率300％"},
{"id":19,"battlerName":"Actor2_7","characterIndex":6,"characterName":"Actor2","classId":19,"equips":[8,0,0,5,0],"faceIndex":6,"faceName":"Actor2","traits":[{"code":31,"dataId":4,"value":1},{"code":11,"dataId":2,"value":1.6}],"initialLevel":1,"maxLevel":99,"name":"グレン","nickname":"","note":"<CAPic:Actor2_7>　　<cadd:0.9,0,5>\n<ctxt1:\\i[69]>","profile":"カードで召喚される。　物理攻撃が\\i[69]属性になる　\nコスト1で召喚でき、序盤で活躍。　ねらわれ率300％"},
{"id":20,"battlerName":"","characterIndex":0,"characterName":"","classId":1,"equips":[0,0,0,0,0],"faceIndex":0,"faceName":"","traits":[],"initialLevel":1,"maxLevel":99,"name":"","nickname":"","note":"","profile":""},
{"id":21,"battlerName":"","characterIndex":0,"characterName":"","classId":1,"equips":[0,0,0,0,0],"faceIndex":0,"faceName":"","traits":[],"initialLevel":1,"maxLevel":99,"name":"","nickname":"","note":"","profile":""},
{"id":22,"battlerName":"","characterIndex":0,"characterName":"","classId":1,"equips":[0,0,0,0,0],"faceIndex":0,"faceName":"","traits":[],"initialLevel":1,"maxLevel":99,"name":"","nickname":"","note":"","profile":""}
]