[
null,
{"id":1,"atypeId":0,"description":"<CMPic:ファイル名> など ：画像ファイル指定(.png不要)\n<cadd:配列>　　　　　　 ：画像補足情報（省略可）","etypeId":2,"traits":[{"code":22,"dataId":1,"value":0}],"iconIndex":0,"name":"【メモ欄の書き方】","note":"picturesフォルダ　 <CMPic:ファイル名> <cadd:倍率,X補正,Y補正>\nenemiesフォルダ　  <CMEne:ファイル名> <cadd:倍率,X補正,Y補正>\nsv_enemiesフォルダ <CMSve:ファイル名> <cadd:倍率,X補正,Y補正>\ncharactersフォルダ <CMCha:ファイル名> <cadd:X座標,Y座標,倍率,X補正,Y補正>\nfacesフォルダ　　  <CMFac:ファイル名> <cadd:X座標,Y座標,倍率,X補正,Y補正>\nsv_actorsフォルダ  <CMSva:ファイル名> <cadd:X座標,Y座標,倍率,X補正,Y補正>\nsystemフォルダ　　 <CMSys:ファイル名> <cadd:X座標,Y座標,倍率,X補正,Y補正>\n　　　　　　　　　 <CMSys:IconSet>    <cadd:アイコンID, 倍率,X補正,Y補正>\n　→ Baloon, States, Weapons1-3, IconSetのみ対応\nanimationsフォルダ <CMAni:ファイル名> <cadd:X座標,Y座標,倍率,X補正,Y補正>\n　→ imgフォルダ下にanimationsフォルダを作成後、MV規格アニメ素材を入れた場合のみ\ntilesetsフォルダ　 <CMTil:ファイル名> <cadd:X座標,Y座標,X連結数,Y連結数,倍率,X補正,Y補正>\n\n(例)\n　<CMEne:Goblin>　 <cadd:1.2, 0, -10>\n　<CMCha:Actor1>   <cadd:10,4>\n　<CMSys:IconSet>  <cadd:64, 0.6>\n　<CMTil:Inside_B> <cadd:13,9,3,2>\n\n(補足)\n <cadd:>省略時は、倍率と連結数は 1、その他の値は 0 になる\n X,Y座標は 0 から数えはじめる、連結数はX,Y軸上で連続するタイル数\n　　複数画像が並ぶ例　①②③④　　  ③は 　X座標2、Y座標0　と数える\n　　　　　　　　　　　⑤⑥⑦⑧　　  ⑥⑦は X座標1、Y座標1、X連結数2、Y連結数1 と数える\n 大文字・小文字が識別されるので入力間違いに注意！","params":[0,0,0,0,0,0,0,0],"price":0},
{"id":2,"atypeId":0,"description":"","etypeId":2,"traits":[{"code":22,"dataId":1,"value":0}],"iconIndex":0,"name":"","note":"","params":[0,0,0,0,0,0,0,0],"price":0},
{"id":3,"atypeId":2,"description":"【魔法装備】\n絹で作られた上質なマント","etypeId":4,"traits":[{"code":22,"dataId":1,"value":0}],"iconIndex":138,"name":"絹のマント","note":"<CMTil:Inside_C>　　　←メイン画指定\n<cadd:14, 1, 1, 1, 0.6>\n　X座標,Y座標,X連結数,Y連結数,倍率\n　（※ X,Y座標はゼロから数え始める）","params":[0,0,0,4,8,0,0,0],"price":560},
{"id":4,"atypeId":2,"description":"【魔法装備】\nルーン文字が刻まれたローブ","etypeId":4,"traits":[{"code":22,"dataId":1,"value":0}],"iconIndex":138,"name":"術士のローブ","note":"<CMTil:Inside_C>　<cadd:13,4,1,1,0.6>","params":[0,0,0,10,5,3,0,0],"price":1220},
{"id":5,"atypeId":1,"description":"【一般装備】\nにかわで固めた硬皮のベスト","etypeId":4,"traits":[{"code":22,"dataId":1,"value":0}],"iconIndex":135,"name":"ハードレザー","note":"<CMTil:Inside_C>　<cadd:15,1,1,1,0.6>","params":[0,0,0,8,0,0,0,0],"price":980},
{"id":6,"atypeId":3,"description":"【軽装備】\nなめし皮を重ねて組んだ鎧","etypeId":4,"traits":[{"code":22,"dataId":1,"value":0}],"iconIndex":136,"name":"レザーアーマー","note":"<CMTil:Inside_C>　<cadd:14,4,1,1,0.6>","params":[0,0,0,11,0,3,0,0],"price":550},
{"id":7,"atypeId":4,"description":"【重装備】\n青銅製の鎧","etypeId":4,"traits":[{"code":22,"dataId":1,"value":0}],"iconIndex":137,"name":"ブロンズアーマー","note":"<CMTil:Inside_C>　<cadd:10,4,1,1,0.6>","params":[0,0,0,12,0,3,0,0],"price":680},
{"id":8,"atypeId":4,"description":"【重装備】\n鋼鉄製の鎧","etypeId":4,"traits":[{"code":22,"dataId":1,"value":0}],"iconIndex":137,"name":"アイアンアーマー","note":"<CMTil:Inside_C>　<cadd:8,4,1,1,0.6>","params":[0,0,0,14,0,4,0,0],"price":1480},
{"id":9,"atypeId":4,"description":"【重装備】\nミスリルで作られた鎧","etypeId":4,"traits":[{"code":22,"dataId":1,"value":0}],"iconIndex":137,"name":"ミスリルアーマー","note":"<CMTil:Inside_C>　<cadd:14,3,1,1,0.6>","params":[0,0,0,16,0,5,0,0],"price":3250},
{"id":10,"atypeId":0,"description":"","etypeId":2,"traits":[{"code":22,"dataId":1,"value":0}],"iconIndex":0,"name":"","note":"","params":[0,0,0,0,0,0,0,0],"price":0},
{"id":11,"atypeId":6,"description":"【大型盾】\n青銅の板で作られた大きな盾","etypeId":2,"traits":[{"code":22,"dataId":1,"value":0}],"iconIndex":128,"name":"ブロンズシールド","note":"<CMTil:Inside_C>　<cadd:11,1,1,1,0.6>","params":[0,0,0,1,0,0,0,0],"price":960},
{"id":12,"atypeId":6,"description":"【大型盾】\n鋼鉄製の大きな盾","etypeId":2,"traits":[{"code":22,"dataId":1,"value":0}],"iconIndex":128,"name":"アイアンシールド","note":"<CMTil:Inside_C>　<cadd:10,1,1,1,0.6>","params":[0,0,0,2,0,0,0,0],"price":1480},
{"id":13,"atypeId":6,"description":"【大型盾】\nミスリルで作られた大型の盾","etypeId":2,"traits":[{"code":22,"dataId":1,"value":0}],"iconIndex":128,"name":"ミスリルシールド","note":"<CMTil:Inside_B>　<cadd:2,11,1,1,0.6>","params":[0,0,0,3,0,0,0,0],"price":2980},
{"id":14,"atypeId":0,"description":"","etypeId":2,"traits":[{"code":22,"dataId":1,"value":0}],"iconIndex":0,"name":"","note":"","params":[0,0,0,0,0,0,0,0],"price":0},
{"id":15,"atypeId":2,"description":"【魔法装備】\nなめし皮で作られた三角の帽子","etypeId":3,"traits":[{"code":22,"dataId":1,"value":0}],"iconIndex":133,"name":"とんがり帽子","note":"<CMTil:Inside_C>　　<cadd:13,3,1,1,0.5>","params":[0,0,0,3,0,0,0,0],"price":100},
{"id":16,"atypeId":1,"description":"【一般装備】\n額を守る布製のハチマキ","etypeId":3,"traits":[{"code":22,"dataId":1,"value":0}],"iconIndex":148,"name":"バンダナ","note":"","params":[1,0,0,0,0,0,0,0],"price":50},
{"id":17,"atypeId":1,"description":"【一般装備】\n守護の魔法がかけられた簡素な冠","etypeId":3,"traits":[{"code":22,"dataId":1,"value":0}],"iconIndex":134,"name":"サークレット","note":"","params":[1,0,0,0,0,0,0,0],"price":360},
{"id":18,"atypeId":1,"description":"【一般装備】\n頭を包む布製の防具","etypeId":3,"traits":[{"code":22,"dataId":1,"value":0}],"iconIndex":139,"name":"フード","note":"<CMTil:Inside_C>　　<cadd:11,3,1,1,0.6>","params":[0,0,0,0,0,1,0,0],"price":0},
{"id":19,"atypeId":4,"description":"【重装備】\n厚い青銅の板で作られた兜","etypeId":3,"traits":[{"code":22,"dataId":1,"value":0}],"iconIndex":132,"name":"ブロンズヘルム","note":"<CMTil:Inside_C>　　<cadd:10,3,1,1,0.5>","params":[0,0,0,2,0,0,0,0],"price":750},
{"id":20,"atypeId":0,"description":"","etypeId":2,"traits":[{"code":22,"dataId":1,"value":0}],"iconIndex":0,"name":"","note":"","params":[0,0,0,0,0,0,0,0],"price":0},
{"id":21,"atypeId":1,"description":"【装飾品】\n視力を補うレンズ","etypeId":5,"traits":[{"code":22,"dataId":1,"value":0}],"iconIndex":151,"name":"メガネ","note":"","params":[0,0,0,0,2,0,0,0],"price":0},
{"id":22,"atypeId":1,"description":"【装飾品】\n片目を覆うアイパッチ","etypeId":5,"traits":[{"code":22,"dataId":1,"value":0}],"iconIndex":151,"name":"眼帯","note":"","params":[0,0,2,2,0,0,0,0],"price":0},
{"id":23,"atypeId":1,"description":"【装飾品】\n長い髪を留める可愛いリボン","etypeId":5,"traits":[{"code":22,"dataId":1,"value":0}],"iconIndex":149,"name":"髪留め","note":"","params":[0,0,0,1,0,0,0,0],"price":0},
{"id":24,"atypeId":1,"description":"【装飾品】\n口を覆い隠す布","etypeId":5,"traits":[{"code":22,"dataId":1,"value":0}],"iconIndex":150,"name":"マスク","note":"","params":[0,0,0,6,11,0,2,0],"price":0},
{"id":25,"atypeId":0,"description":"","etypeId":2,"traits":[{"code":22,"dataId":1,"value":0}],"iconIndex":0,"name":"","note":"","params":[0,0,0,0,0,0,0,0],"price":0}
]