[
null,
{"id":1,"list":[{"code":0,"indent":0,"parameters":[]}],"name":"","switchId":1,"trigger":0},
{"id":2,"list":[{"code":0,"indent":0,"parameters":[]}],"name":"","switchId":1,"trigger":0},
{"id":3,"list":[{"code":0,"indent":0,"parameters":[]}],"name":"","switchId":1,"trigger":0},
{"id":4,"list":[{"code":0,"indent":0,"parameters":[]}],"name":"","switchId":1,"trigger":0},
{"id":5,"list":[{"code":0,"indent":0,"parameters":[]}],"name":"","switchId":1,"trigger":0},
{"id":6,"list":[{"code":108,"indent":0,"parameters":["========= プラグイン指定のコモンイベント ========="]},{"code":408,"indent":0,"parameters":["　プラグイン (NLM_CardGameMZ.js と NLM_ItemToSummon.js) により"]},{"code":408,"indent":0,"parameters":["　各タイミングで 割り込み処理させる イベントです"]},{"code":408,"indent":0,"parameters":["　プラグインパラメータで イベントIDを 変更できますので、イベント内容を"]},{"code":408,"indent":0,"parameters":["　コピーして 少しずつ 改造を試してみて下さい"]},{"code":0,"indent":0,"parameters":[]}],"name":"---プラグイン指定---","switchId":1,"trigger":0},
{"id":7,"list":[{"code":108,"indent":0,"parameters":["◆◆◆　0ターンイベント　◆◆◆"]},{"code":408,"indent":0,"parameters":["戦闘0ターン時にのみ実行されるイベントです（バトルイベント0ターン実行後）"]},{"code":408,"indent":0,"parameters":["毎回の戦闘開始時に入れる処理などに御利用ください"]},{"code":408,"indent":0,"parameters":["ーーーーーーーーーーーーーーーーーーーーーーーーーーーーーーーーーーーー"]},{"code":312,"indent":0,"parameters":[0,1,1,0,9999]},{"code":313,"indent":0,"parameters":[0,1,1,33]},{"code":0,"indent":0,"parameters":[]}],"name":"0ターンイベント","switchId":1,"trigger":0},
{"id":8,"list":[{"code":108,"indent":0,"parameters":["◆◆◆　ターン開始前イベント　◆◆◆"]},{"code":408,"indent":0,"parameters":["毎ターンの開始前に1回だけ実行されるイベントです"]},{"code":408,"indent":0,"parameters":["ターン終了の後処理、場札の効果発動、手札を捨札へ全移動などに御利用ください"]},{"code":408,"indent":0,"parameters":["【補足】ドロー中は戦闘ステータスウインドウが自動で非表示になります"]},{"code":408,"indent":0,"parameters":["　　　　途中で表示に戻したい時はプラグインコマンドで変更して下さい"]},{"code":408,"indent":0,"parameters":["ーーーーーーーーーーーーーーーーーーーーーーーーーーーーーーーーーーーーーーーーーーーー"]},{"code":108,"indent":0,"parameters":["ターン終了時、山札に毒カードのみだった場合、毒を消去してシャッフルする処理"]},{"code":122,"indent":0,"parameters":[26,26,0,4,"this.cardnum(0,5);  // 山札の総数"]},{"code":122,"indent":0,"parameters":[27,27,0,4,"this.cardnum(10,5); // 山札の毒数"]},{"code":111,"indent":0,"parameters":[1,27,0,0,3]},{"code":111,"indent":1,"parameters":[1,26,1,27,0]},{"code":250,"indent":2,"parameters":[{"name":"Buzzer2","volume":90,"pitch":100,"pan":0}]},{"code":101,"indent":2,"parameters":["",0,1,1,""]},{"code":401,"indent":2,"parameters":[""]},{"code":401,"indent":2,"parameters":["\\>　 山札に\\c[24]「毒」\\c[0]しかないので、\\c[17]毒を消去\\c[0]してシャッフルします"]},{"code":401,"indent":2,"parameters":["　　"]},{"code":357,"indent":2,"parameters":["NLM_CardGameMZ","loseCard","カードを減少",{"iType":"山札(デッキ)","itemId":"10","idVariable":"0","num":"0","numVariable":"27","pictureSet":"false"}]},{"code":657,"indent":2,"parameters":["カード種 = 山札(デッキ)"]},{"code":657,"indent":2,"parameters":["カードID = 10"]},{"code":657,"indent":2,"parameters":["カードIDの変数ID = 0"]},{"code":657,"indent":2,"parameters":["枚数 = 0"]},{"code":657,"indent":2,"parameters":["枚数の変数ID = 27"]},{"code":657,"indent":2,"parameters":["ピクチャを自動セット = false"]},{"code":357,"indent":2,"parameters":["NLM_CardGameMZ","allMoveCard","カードを全移動(全削除)",{"fromItype":"捨札","toItype":"山札(デッキ)","shuffleSE":"true"}]},{"code":657,"indent":2,"parameters":["移動元 = 捨札"]},{"code":657,"indent":2,"parameters":["移動先 = 山札(デッキ)"]},{"code":657,"indent":2,"parameters":["シャッフル時SEを演奏 = true"]},{"code":230,"indent":2,"parameters":[40]},{"code":0,"indent":2,"parameters":[]},{"code":412,"indent":1,"parameters":[]},{"code":0,"indent":1,"parameters":[]},{"code":412,"indent":0,"parameters":[]},{"code":108,"indent":0,"parameters":["このイベント後、ドロー開始文章が表示されます（OFF可、パラメータで設定）"]},{"code":0,"indent":0,"parameters":[]}],"name":"ターン開始前イベント","switchId":1,"trigger":0},
{"id":9,"list":[{"code":108,"indent":0,"parameters":["◆◆◆　ドロー開始前イベント　◆◆◆"]},{"code":408,"indent":0,"parameters":["ドロー開始前に毎ターン1回だけ実行されるイベントです"]},{"code":408,"indent":0,"parameters":["自作ドロー開始文章表示などに御利用ください"]},{"code":408,"indent":0,"parameters":["ーーーーーーーーーーーーーーーーーーーーーーーーーーーーーーーーーーーーーーーーーーーーーー"]},{"code":122,"indent":0,"parameters":[34,34,0,0,0]},{"code":0,"indent":0,"parameters":[]}],"name":"ドロー開始前イベント","switchId":1,"trigger":0},
{"id":10,"list":[{"code":108,"indent":0,"parameters":["◆◆◆　ドロー直前イベント　◆◆◆"]},{"code":408,"indent":0,"parameters":["ドロー直前にドロー変数(ID:12)値の回数分、くり返し実行されます"]},{"code":408,"indent":0,"parameters":["山札からランダムで選出されたドロー予定カードに応じて、変数・ピクチャが自動更新します"]},{"code":408,"indent":0,"parameters":["（ドロー不可時は「ドロー終了後イベント」へ）"]},{"code":408,"indent":0,"parameters":["ドローピクチャ演出、トリガー効果などに御利用ください"]},{"code":408,"indent":0,"parameters":["ーーーーーーーーーーーーーーーーーーーーーーーーーーーーーーーーーーーーーーーーーーーーー"]},{"code":122,"indent":0,"parameters":[31,31,0,1,15]},{"code":122,"indent":0,"parameters":[32,32,0,1,16]},{"code":122,"indent":0,"parameters":[33,33,0,1,17]},{"code":108,"indent":0,"parameters":["========= ドローピクチャ演出例 ========="]},{"code":408,"indent":0,"parameters":["プラグイン機能で、ピクチャ31番にドロー予定のカード表面画、32番に裏面画が自動で入ります"]},{"code":408,"indent":0,"parameters":["いずれもX座標：画面中央、Y座標ゼロ、不透明度ゼロ（透明）、拡大率50％で"]},{"code":408,"indent":0,"parameters":["「ピクチャ表示」済みなので「ピクチャの移動」で自由に移動させて下さい"]},{"code":408,"indent":0,"parameters":["　　（解像度を保つため、拡大率100％で2倍サイズになっている点に注意）"]},{"code":232,"indent":0,"parameters":[32,0,1,0,408,0,100,100,255,0,1,true,0]},{"code":232,"indent":0,"parameters":[32,0,1,0,408,270,100,100,255,0,6,true,2]},{"code":232,"indent":0,"parameters":[31,0,1,0,408,270,0,100,255,0,1,false,0]},{"code":230,"indent":0,"parameters":[7]},{"code":250,"indent":0,"parameters":[{"name":"Wind4","volume":90,"pitch":100,"pan":0}]},{"code":232,"indent":0,"parameters":[32,0,1,0,408,270,0,100,255,0,4,true,0]},{"code":232,"indent":0,"parameters":[31,0,1,0,408,270,100,100,255,0,4,false,0]},{"code":108,"indent":0,"parameters":["========= トリガー効果例 ========="]},{"code":408,"indent":0,"parameters":["山札からランダムで抽出されたドロー予定カードに従って"]},{"code":408,"indent":0,"parameters":["　　該当カードID変数(ID:15,　 控えID:31)に「カードID」  が"]},{"code":408,"indent":0,"parameters":["　　該当アイコンID変数(ID:16, 控えID:32)に「アイコンID」が"]},{"code":408,"indent":0,"parameters":["　　該当カード名変数(ID:17, 　控えID:33)に「カード名(文字)」が 入ります"]},{"code":408,"indent":0,"parameters":["これらを利用してトリガー効果（ドロー直後の効果発現）をつくれます"]},{"code":111,"indent":0,"parameters":[1,11,0,1,3]},{"code":108,"indent":1,"parameters":["【補足】NLM_CardLayoutMZ.jsプラグイン効果で スクリプト内で変数値を v[] で置換できます"]},{"code":111,"indent":1,"parameters":[12,"v[31] === 57 || v[31] === 58"]},{"code":117,"indent":2,"parameters":[44]},{"code":357,"indent":2,"parameters":["NLM_CardGameMZ","battleStatus","戦闘ステータスウインドウ",{"operation":"表示(show)"}]},{"code":657,"indent":2,"parameters":["戦闘ステータスウインドウ = 表示(show)"]},{"code":234,"indent":2,"parameters":[31,[136,255,187,0],1,true]},{"code":234,"indent":2,"parameters":[31,[0,0,0,0],30,false]},{"code":111,"indent":2,"parameters":[1,31,0,58,0]},{"code":337,"indent":3,"parameters":[-1,43]},{"code":311,"indent":3,"parameters":[0,0,0,0,300,false]},{"code":0,"indent":3,"parameters":[]},{"code":411,"indent":2,"parameters":[]},{"code":337,"indent":3,"parameters":[-1,122]},{"code":312,"indent":3,"parameters":[0,0,0,0,50]},{"code":0,"indent":3,"parameters":[]},{"code":412,"indent":2,"parameters":[]},{"code":230,"indent":2,"parameters":[12]},{"code":357,"indent":2,"parameters":["NLM_CardGameMZ","battleStatus","戦闘ステータスウインドウ",{"operation":"非表示(hide)"}]},{"code":657,"indent":2,"parameters":["戦闘ステータスウインドウ = 非表示(hide)"]},{"code":0,"indent":2,"parameters":[]},{"code":412,"indent":1,"parameters":[]},{"code":111,"indent":1,"parameters":[1,31,0,10,0]},{"code":250,"indent":2,"parameters":[{"name":"Poison","volume":90,"pitch":100,"pan":0}]},{"code":0,"indent":2,"parameters":[]},{"code":412,"indent":1,"parameters":[]},{"code":111,"indent":1,"parameters":[1,31,0,53,0]},{"code":117,"indent":2,"parameters":[44]},{"code":337,"indent":2,"parameters":[-1,43]},{"code":117,"indent":2,"parameters":[32]},{"code":108,"indent":2,"parameters":["上イベント内のプラグインコマンドで、該当変数が「毒」に更新されてしまう点に注意"]},{"code":0,"indent":2,"parameters":[]},{"code":412,"indent":1,"parameters":[]},{"code":111,"indent":1,"parameters":[1,31,0,54,0]},{"code":313,"indent":2,"parameters":[0,0,0,31]},{"code":117,"indent":2,"parameters":[44]},{"code":0,"indent":2,"parameters":[]},{"code":412,"indent":1,"parameters":[]},{"code":111,"indent":1,"parameters":[1,31,0,55,0]},{"code":117,"indent":2,"parameters":[44]},{"code":337,"indent":2,"parameters":[-1,36]},{"code":313,"indent":2,"parameters":[0,0,0,32]},{"code":122,"indent":2,"parameters":[34,34,0,0,27]},{"code":0,"indent":2,"parameters":[]},{"code":412,"indent":1,"parameters":[]},{"code":111,"indent":1,"parameters":[1,31,0,56,0]},{"code":117,"indent":2,"parameters":[44]},{"code":121,"indent":2,"parameters":[17,17,0]},{"code":0,"indent":2,"parameters":[]},{"code":412,"indent":1,"parameters":[]},{"code":0,"indent":1,"parameters":[]},{"code":412,"indent":0,"parameters":[]},{"code":108,"indent":0,"parameters":["《《《 注意 》》》"]},{"code":408,"indent":0,"parameters":["　ドロー直前イベント内では、ドロー予定カードは まだ山札にあり、手札に渡っていないため、"]},{"code":408,"indent":0,"parameters":["山札の移動や選択、ドロー予定カードの移動や減少を行なうと、誤動作のおそれがあります！"]},{"code":408,"indent":0,"parameters":["　また、プラグインコマンドの一部は カード絵や該当変数を更新してしまい、「ドロー獲得文章」"]},{"code":408,"indent":0,"parameters":["が正しく表示されなくなる場合があります（それを防ぐために最後に控えIDを上書きしています）"]},{"code":122,"indent":0,"parameters":[15,15,0,1,31]},{"code":122,"indent":0,"parameters":[16,16,0,1,32]},{"code":122,"indent":0,"parameters":[17,17,0,1,33]},{"code":108,"indent":0,"parameters":["ーーーーーーーーーーーーーーーーーーーーーーーーーーーーーーーーーーーーーーーーーーーー"]},{"code":408,"indent":0,"parameters":["このコモンイベント後「ドロー獲得文章表示」がONの場合「～をゲット」が表示され"]},{"code":408,"indent":0,"parameters":["　（※ サンプルのデフォルトでは文章表示がOFFになっています）、"]},{"code":408,"indent":0,"parameters":["ドローしたカードが山札から手札へ自動移動します"]},{"code":0,"indent":0,"parameters":[]}],"name":"ドロー直前イベント","switchId":1,"trigger":0},
{"id":11,"list":[{"code":108,"indent":0,"parameters":["◆◆◆　ドロー直後イベント　◆◆◆"]},{"code":408,"indent":0,"parameters":["ドロー直後にドロー変数値の回数分、くり返し実行されます"]},{"code":408,"indent":0,"parameters":["カード入手後処理、ピクチャ消去演出などに御利用ください"]},{"code":408,"indent":0,"parameters":["サンプルではピクチャ消去とドロートリガーの後処理に利用しています"]},{"code":408,"indent":0,"parameters":["ーーーーーーーーーーーーーーーーーーーーーーーーーーーーーーーーーーーーーーーーーーーーーー"]},{"code":230,"indent":0,"parameters":[16]},{"code":232,"indent":0,"parameters":[31,0,1,0,408,624,150,150,0,0,5,true,1]},{"code":111,"indent":0,"parameters":[0,17,0]},{"code":117,"indent":1,"parameters":[28]},{"code":122,"indent":1,"parameters":[12,12,1,0,1]},{"code":121,"indent":1,"parameters":[17,17,1]},{"code":0,"indent":1,"parameters":[]},{"code":412,"indent":0,"parameters":[]},{"code":108,"indent":0,"parameters":["【補足】"]},{"code":408,"indent":0,"parameters":["・ ドロー数変数(ID:12)を上書きすることで、ドロー回数を変化させることができます"]},{"code":408,"indent":0,"parameters":["・ ドロー直後イベントでは ドローしたカードが すでに手札へ移動後として扱われるため、"]},{"code":408,"indent":0,"parameters":["　直前イベントよりも こちらで カード移動やプラグインコマンドを使うと安心です"]},{"code":0,"indent":0,"parameters":[]}],"name":"ドロー直後イベント","switchId":1,"trigger":0},
{"id":12,"list":[{"code":108,"indent":0,"parameters":["◆◆◆　ドロー終了後イベント　◆◆◆"]},{"code":408,"indent":0,"parameters":["ドロー終了後に毎ターン1回のみ実行されるイベントです（ドロー不可時も実行）"]},{"code":408,"indent":0,"parameters":["サンプルではTP増加演出に利用しています"]},{"code":408,"indent":0,"parameters":["ーーーーーーーーーーーーーーーーーーーーーーーーーーーーーーーーーーーーーーーーーーーーーー"]},{"code":357,"indent":0,"parameters":["NLM_CardGameMZ","battleStatus","戦闘ステータスウインドウ",{"operation":"表示(show)"}]},{"code":657,"indent":0,"parameters":["戦闘ステータスウインドウ = 表示(show)"]},{"code":122,"indent":0,"parameters":[26,26,0,3,3,1,12]},{"code":111,"indent":0,"parameters":[1,26,0,10,4]},{"code":230,"indent":1,"parameters":[23]},{"code":250,"indent":1,"parameters":[{"name":"Up1","volume":90,"pitch":100,"pan":0}]},{"code":122,"indent":1,"parameters":[27,27,0,3,7,1,0]},{"code":326,"indent":1,"parameters":[0,0,0,1,27]},{"code":0,"indent":1,"parameters":[]},{"code":412,"indent":0,"parameters":[]},{"code":230,"indent":0,"parameters":[33]},{"code":108,"indent":0,"parameters":["ーーーーーーーーーーーーーーーーーーーーーーーーーーーーーーーーーーーーーーーーーーーーーー"]},{"code":408,"indent":0,"parameters":["このイベント後、ドロー数変数が基本ドロー数パラメータ値に戻り、戦闘アクターコマンドへ"]},{"code":0,"indent":0,"parameters":[]}],"name":"ドロー終了後イベント","switchId":1,"trigger":0},
{"id":13,"list":[{"code":108,"indent":0,"parameters":["◆◆◆　カード使用直前共通イベント　◆◆◆"]},{"code":408,"indent":0,"parameters":["アイテムのメモ欄でイベント指定がない時に、全カード共通で使用直前に実行されるイベントです"]},{"code":408,"indent":0,"parameters":["（メモ欄<ncard:>での指定が優先されます。スキルは指定しないと自動では呼ばれません）"]},{"code":408,"indent":0,"parameters":["（このイベントを使いたくない時はプラグインパラメータでIDを「なし」に設定して下さい）"]},{"code":408,"indent":0,"parameters":["カード使用直前の計算やカットイン演出などに利用できます"]},{"code":408,"indent":0,"parameters":["ーーーーーーーーーーーーーーーーーーーーーーーーーーーーーーーーーーーーーーーーーーーーー"]},{"code":122,"indent":0,"parameters":[30,30,0,1,15]},{"code":108,"indent":0,"parameters":["========= カード共通使用前・ピクチャ演出例 ========="]},{"code":408,"indent":0,"parameters":["プラグイン機能で、ピクチャ31番にカード表の合成画、32番にカード裏面画が自動で入ります"]},{"code":408,"indent":0,"parameters":["いずれもX座標：画面中央、Y座標ゼロ、不透明度ゼロ（透明）、拡大率50％(実物大)で"]},{"code":408,"indent":0,"parameters":["「ピクチャ表示」済みなので「ピクチャの移動」で自由に移動させて下さい"]},{"code":357,"indent":0,"parameters":["NLM_CardGameMZ","battleStatus","戦闘ステータスウインドウ",{"operation":"非表示(hide)"}]},{"code":657,"indent":0,"parameters":["戦闘ステータスウインドウ = 非表示(hide)"]},{"code":232,"indent":0,"parameters":[32,0,1,0,408,624,150,150,255,0,1,true,0]},{"code":232,"indent":0,"parameters":[32,0,1,0,408,250,100,100,255,0,7,true,2]},{"code":230,"indent":0,"parameters":[5]},{"code":232,"indent":0,"parameters":[31,0,1,0,408,250,0,100,255,0,1,true,0]},{"code":111,"indent":0,"parameters":[1,14,0,100,3]},{"code":108,"indent":1,"parameters":["<nxcond:>が成立した場合（プラグイン効果でダメージ文字も赤色化）"]},{"code":250,"indent":1,"parameters":[{"name":"Battle3","volume":90,"pitch":100,"pan":0}]},{"code":0,"indent":1,"parameters":[]},{"code":411,"indent":0,"parameters":[]},{"code":250,"indent":1,"parameters":[{"name":"Saint9","volume":90,"pitch":100,"pan":0}]},{"code":0,"indent":1,"parameters":[]},{"code":412,"indent":0,"parameters":[]},{"code":232,"indent":0,"parameters":[32,0,1,0,408,250,0,100,255,0,5,true,0]},{"code":232,"indent":0,"parameters":[31,0,1,0,408,250,100,100,255,0,5,true,0]},{"code":230,"indent":0,"parameters":[22]},{"code":233,"indent":0,"parameters":[31,50]},{"code":232,"indent":0,"parameters":[31,0,1,0,408,250,25,25,0,0,15,true,1]},{"code":108,"indent":0,"parameters":["《《《 注意 》》》"]},{"code":408,"indent":0,"parameters":[" 直前イベント内では、使用カードはまだ手札に残った状態として数えられる(<nxcond>以外)ため、"]},{"code":408,"indent":0,"parameters":["直前イベント内で使用予定のカードが紛失する(0になる)と行動がキャンセルしてしまいます！"]},{"code":408,"indent":0,"parameters":[" データベース→アイテム→使用効果→コモンイベントでは手札が捨札へ移動後として扱われるため"]},{"code":408,"indent":0,"parameters":["こちらの方でカードの移動や増減をすることを推奨します！"]},{"code":0,"indent":0,"parameters":[]}],"name":"使用直前共通イベント","switchId":1,"trigger":0},
{"id":14,"list":[{"code":108,"indent":0,"parameters":["◆◆◆　戦闘終了後イベント　◆◆◆"]},{"code":408,"indent":0,"parameters":["戦闘終了後に必ず実行されるイベントです"]},{"code":408,"indent":0,"parameters":["【補足】カードはすでに全てデッキ（山札）にまとめられた状態です"]},{"code":408,"indent":0,"parameters":["　　　　戦闘終了後 マップに戻ったタイミング（マップイベント中ならその実行後）で実行されます"]},{"code":408,"indent":0,"parameters":["ーーーーーーーーーーーーーーーーーーーーーーーーーーーーーーーーーーーーーーーーーーーーーー"]},{"code":312,"indent":0,"parameters":[0,1,0,0,9999]},{"code":122,"indent":0,"parameters":[34,34,0,0,0]},{"code":0,"indent":0,"parameters":[]}],"name":"戦闘終了後イベント","switchId":1,"trigger":0},
{"id":15,"list":[{"code":108,"indent":0,"parameters":["◆◆◆　ガチャ開始前イベント　◆◆◆"]},{"code":408,"indent":0,"parameters":["ガチャ開始前に1回だけ実行されるイベントです"]},{"code":408,"indent":0,"parameters":["サンプルでは画面を暗くして掛け声をかけるのに利用しています"]},{"code":408,"indent":0,"parameters":["ーーーーーーーーーーーーーーーーーーーーーーーーーーーーーーーーーーーーーーーーーーーーーー"]},{"code":250,"indent":0,"parameters":[{"name":"Coin","volume":90,"pitch":100,"pan":0}]},{"code":223,"indent":0,"parameters":[[-153,-153,-153,0],20,true]},{"code":101,"indent":0,"parameters":["",0,0,2,""]},{"code":401,"indent":0,"parameters":[""]},{"code":401,"indent":0,"parameters":["\\>\\{　　　　　じゃあ、始めるわよ"]},{"code":0,"indent":0,"parameters":[]}],"name":"ガチャ開始前イベント","switchId":1,"trigger":0},
{"id":16,"list":[{"code":108,"indent":0,"parameters":["◆◆◆　ガチャ直前イベント　◆◆◆"]},{"code":408,"indent":0,"parameters":["ガチャ直前にガチャ回数変数分、くり返し実行されます"]},{"code":408,"indent":0,"parameters":["このイベント前に抽選確率で選出されたカードに応じて、変数・ピクチャが自動更新します"]},{"code":408,"indent":0,"parameters":["ガチャのピクチャ演出などに御利用ください"]},{"code":408,"indent":0,"parameters":["ーーーーーーーーーーーーーーーーーーーーーーーーーーーーーーーーーーーーーーーーーーーーー"]},{"code":108,"indent":0,"parameters":["========= ガチャピクチャ演出例 ========="]},{"code":408,"indent":0,"parameters":["プラグイン機能で、ピクチャ31番にカード表の合成画、32番にカード裏面画が入ります"]},{"code":408,"indent":0,"parameters":["いずれもX座標：画面中央、Y座標ゼロ、不透明度ゼロ（透明）で「ピクチャ表示」済みなので"]},{"code":408,"indent":0,"parameters":["「ピクチャの移動」で自由に移動させて下さい。"]},{"code":408,"indent":0,"parameters":["また、該当カードID変数(ID:15番)に当選カードIDが入り、「はずれ」の時は0が入ります。"]},{"code":230,"indent":0,"parameters":[20]},{"code":111,"indent":0,"parameters":[1,15,0,0,3]},{"code":250,"indent":1,"parameters":[{"name":"Wind4","volume":90,"pitch":100,"pan":0}]},{"code":232,"indent":1,"parameters":[32,0,1,0,408,0,100,100,255,0,1,true,0]},{"code":232,"indent":1,"parameters":[31,0,1,0,408,250,0,100,255,0,1,false,0]},{"code":232,"indent":1,"parameters":[32,0,1,0,408,250,100,100,255,0,5,true,2]},{"code":101,"indent":1,"parameters":["",0,2,2,""]},{"code":401,"indent":1,"parameters":[""]},{"code":224,"indent":1,"parameters":[[255,255,255,68],20,false]},{"code":232,"indent":1,"parameters":[32,0,1,0,408,250,0,100,255,0,5,true,0]},{"code":232,"indent":1,"parameters":[31,0,1,0,408,250,100,100,255,0,5,true,0]},{"code":0,"indent":1,"parameters":[]},{"code":412,"indent":0,"parameters":[]},{"code":108,"indent":0,"parameters":["このコモンイベント後、ガチャ回数変数(ID:13)が -1 し、ガチャ演出ONの場合「～をゲット」の"]},{"code":408,"indent":0,"parameters":["デフォルト文章が表示され、設定したMEが再生されます（プラグイン設定で演出OFF可）"]},{"code":0,"indent":0,"parameters":[]}],"name":"ガチャ直前イベント","switchId":1,"trigger":0},
{"id":17,"list":[{"code":108,"indent":0,"parameters":["◆◆◆　ガチャ直後イベント　◆◆◆"]},{"code":408,"indent":0,"parameters":["ガチャ直後にガチャ回数変数値分、くり返し実行されます"]},{"code":408,"indent":0,"parameters":["独自文章表示、カード入手後処理、ピクチャ消去演出などに御利用ください"]},{"code":408,"indent":0,"parameters":["ーーーーーーーーーーーーーーーーーーーーーーーーーーーーーーーーーーーーーーーーーーーーー"]},{"code":108,"indent":0,"parameters":["抽選選出されたカードは該当カードID変数(ID:15)にそのカードIDが、"]},{"code":408,"indent":0,"parameters":["該当アイコンID変数(ID:16)にアイコンIDが、該当カード名変数(ID:17)"]},{"code":408,"indent":0,"parameters":["にカード名が入ります。これらを利用して独自文章を作るのも自由！"]},{"code":408,"indent":0,"parameters":["==============================================================================="]},{"code":408,"indent":0,"parameters":["サンプルではガチャ回数変数が0より大きい時にピクチャをコピーして横に置く演出に利用"]},{"code":111,"indent":0,"parameters":[1,15,0,0,3]},{"code":111,"indent":1,"parameters":[1,13,0,2,0]},{"code":357,"indent":2,"parameters":["NLM_CardLayoutMZ","pictureCopy","ピクチャをコピー",{"originId":"31","originVarId":"0","copyId":"21","copyVarId":"0"}]},{"code":657,"indent":2,"parameters":["コピー元ピクチャ番号 = 31"]},{"code":657,"indent":2,"parameters":["コピー元ピクチャ変数ID = 0"]},{"code":657,"indent":2,"parameters":["コピー先ピクチャ番号 = 21"]},{"code":657,"indent":2,"parameters":["コピー先ピクチャ変数ID = 0"]},{"code":235,"indent":2,"parameters":[31]},{"code":232,"indent":2,"parameters":[21,0,1,0,150,270,75,75,255,0,30,true,2]},{"code":0,"indent":2,"parameters":[]},{"code":412,"indent":1,"parameters":[]},{"code":111,"indent":1,"parameters":[1,13,0,1,0]},{"code":357,"indent":2,"parameters":["NLM_CardLayoutMZ","pictureCopy","ピクチャをコピー",{"originId":"31","originVarId":"0","copyId":"22","copyVarId":"0"}]},{"code":657,"indent":2,"parameters":["コピー元ピクチャ番号 = 31"]},{"code":657,"indent":2,"parameters":["コピー元ピクチャ変数ID = 0"]},{"code":657,"indent":2,"parameters":["コピー先ピクチャ番号 = 22"]},{"code":657,"indent":2,"parameters":["コピー先ピクチャ変数ID = 0"]},{"code":235,"indent":2,"parameters":[31]},{"code":232,"indent":2,"parameters":[22,0,1,0,670,270,75,75,255,0,30,true,2]},{"code":0,"indent":2,"parameters":[]},{"code":412,"indent":1,"parameters":[]},{"code":0,"indent":1,"parameters":[]},{"code":412,"indent":0,"parameters":[]},{"code":0,"indent":0,"parameters":[]}],"name":"ガチャ直後イベント","switchId":1,"trigger":0},
{"id":18,"list":[{"code":108,"indent":0,"parameters":["◆◆◆　ガチャ終了後イベント　◆◆◆"]},{"code":408,"indent":0,"parameters":["ガチャ終了後に1回だけ実行されるイベントです（ハズレ時も実行）"]},{"code":408,"indent":0,"parameters":["サンプルではカードをまとめて消去する演出に利用しています"]},{"code":408,"indent":0,"parameters":["ーーーーーーーーーーーーーーーーーーーーーーーーーーーーーーーーーーーーーーーーーーーーーー"]},{"code":232,"indent":0,"parameters":[21,0,1,0,408,270,75,75,255,0,10,false,1]},{"code":232,"indent":0,"parameters":[22,0,1,0,408,270,75,75,255,0,10,false,1]},{"code":232,"indent":0,"parameters":[31,0,1,0,408,270,75,75,255,0,30,true,2]},{"code":235,"indent":0,"parameters":[21]},{"code":235,"indent":0,"parameters":[22]},{"code":230,"indent":0,"parameters":[10]},{"code":232,"indent":0,"parameters":[31,0,1,0,408,270,25,25,0,0,20,false,1]},{"code":223,"indent":0,"parameters":[[0,0,0,0],30,true]},{"code":235,"indent":0,"parameters":[31]},{"code":235,"indent":0,"parameters":[32]},{"code":101,"indent":0,"parameters":["",0,0,2,""]},{"code":401,"indent":0,"parameters":[""]},{"code":401,"indent":0,"parameters":["\\>　　　　　　　いい カードが 出たかしら？"]},{"code":0,"indent":0,"parameters":[]}],"name":"ガチャ終了後イベント","switchId":1,"trigger":0},
{"id":19,"list":[{"code":108,"indent":0,"parameters":["◆◆◆　召喚アクターのHPゼロ消滅後イベント　◆◆◆"]},{"code":408,"indent":0,"parameters":["　　（NLM_ItemToSummon.js のパラメータでID指定）"]},{"code":408,"indent":0,"parameters":["サンプルでは、消滅後に 召喚カードを場札から捨札へ移動する処理をしています"]},{"code":408,"indent":0,"parameters":["「消滅アクターID」は、複数召喚でも 元アクターID が代入されるようになっています"]},{"code":408,"indent":0,"parameters":["アクターIDに 12 をプラスすることで、その召喚アイテムIDになるように調整しています"]},{"code":408,"indent":0,"parameters":["ーーーーーーーーーーーーーーーーーーーーーーーーーーーーーーーーーーーーーーーーーーーーーー"]},{"code":122,"indent":0,"parameters":[26,26,0,1,35]},{"code":122,"indent":0,"parameters":[26,26,1,0,12]},{"code":357,"indent":0,"parameters":["NLM_CardGameMZ","moveCard","カードを移動",{"fromItype":"場札","toItype":"捨札","itemId":"0","idVariable":"26","pictureSet":"false"}]},{"code":657,"indent":0,"parameters":["移動元 = 場札"]},{"code":657,"indent":0,"parameters":["移動先 = 捨札"]},{"code":657,"indent":0,"parameters":["カードID = 0"]},{"code":657,"indent":0,"parameters":["カードIDの変数ID = 26"]},{"code":657,"indent":0,"parameters":["ピクチャを自動セット = false"]},{"code":0,"indent":0,"parameters":[]}],"name":"召喚消滅後イベント","switchId":1,"trigger":0},
{"id":20,"list":[{"code":0,"indent":0,"parameters":[]}],"name":"","switchId":1,"trigger":0},
{"id":21,"list":[{"code":108,"indent":0,"parameters":["========= サンプル・プロジェクト用コモンイベント ========="]},{"code":408,"indent":0,"parameters":["　サンプル・プロジェクト用に作成したコモンイベントです"]},{"code":408,"indent":0,"parameters":["　こちらも、少しずつ改造してみて下さい"]},{"code":408,"indent":0,"parameters":["　プラグインコマンドを利用すると製作が楽になる場合があります"]},{"code":408,"indent":0,"parameters":["　コモンイベントの最大数は増やしても構いません"]},{"code":0,"indent":0,"parameters":[]}],"name":"---サンプル用---","switchId":1,"trigger":0},
{"id":22,"list":[{"code":108,"indent":0,"parameters":["【カードを選択させ、カードのピクチャを拡大表示】"]},{"code":408,"indent":0,"parameters":["　　※ サンプルでは「カード鑑賞」カードの使用効果で利用"]},{"code":408,"indent":0,"parameters":["ーーーーーーーーーーーーーーーーーーーーーーーーーーーーーーーーーーーーーーーーーーーーー"]},{"code":223,"indent":0,"parameters":[[-170,-170,-170,0],20,true]},{"code":112,"indent":0,"parameters":[]},{"code":102,"indent":1,"parameters":[["  デッキ"," デッキ外 "],-2,0,1,0]},{"code":402,"indent":1,"parameters":[0,"  デッキ"]},{"code":121,"indent":2,"parameters":[18,18,0]},{"code":0,"indent":2,"parameters":[]},{"code":402,"indent":1,"parameters":[1," デッキ外 "]},{"code":121,"indent":2,"parameters":[18,18,1]},{"code":0,"indent":2,"parameters":[]},{"code":403,"indent":1,"parameters":[6,null]},{"code":113,"indent":2,"parameters":[]},{"code":0,"indent":2,"parameters":[]},{"code":404,"indent":1,"parameters":[]},{"code":112,"indent":1,"parameters":[]},{"code":111,"indent":2,"parameters":[0,18,0]},{"code":357,"indent":3,"parameters":["NLM_CardGameMZ","selectCard","カード選択(この後 アイテム選択の処理を)",{"iType":"山札(デッキ)","matchCondition":"all","elementId":"0","eIdVariable":"0","script":"","centering":"false","numDisp":"false","disable":"すべて選択可","cancel":"true","pictureSet":"true"}]},{"code":657,"indent":3,"parameters":["選択されるカード種 = 山札(デッキ)"]},{"code":657,"indent":3,"parameters":["条件合致カードのみ抽出 = all"]},{"code":657,"indent":3,"parameters":["条件合致番号値 = 0"]},{"code":657,"indent":3,"parameters":["条件合致番号の変数ID = 0"]},{"code":657,"indent":3,"parameters":["スクリプト(上級者向け) = "]},{"code":657,"indent":3,"parameters":["中央寄せ表示 = false"]},{"code":657,"indent":3,"parameters":["個数表示 = false"]},{"code":657,"indent":3,"parameters":["使用不可を選択不可 = すべて選択可"]},{"code":657,"indent":3,"parameters":["キャンセル入力 = true"]},{"code":657,"indent":3,"parameters":["ピクチャを自動セット = true"]},{"code":0,"indent":3,"parameters":[]},{"code":411,"indent":2,"parameters":[]},{"code":357,"indent":3,"parameters":["NLM_CardGameMZ","selectCard","カード選択(この後 アイテム選択の処理を)",{"iType":"デッキ外","matchCondition":"all","elementId":"0","eIdVariable":"0","script":"","centering":"false","numDisp":"true","disable":"すべて選択可","cancel":"true","pictureSet":"true"}]},{"code":657,"indent":3,"parameters":["選択されるカード種 = デッキ外"]},{"code":657,"indent":3,"parameters":["条件合致カードのみ抽出 = all"]},{"code":657,"indent":3,"parameters":["条件合致番号値 = 0"]},{"code":657,"indent":3,"parameters":["条件合致番号の変数ID = 0"]},{"code":657,"indent":3,"parameters":["スクリプト(上級者向け) = "]},{"code":657,"indent":3,"parameters":["中央寄せ表示 = false"]},{"code":657,"indent":3,"parameters":["個数表示 = true"]},{"code":657,"indent":3,"parameters":["使用不可を選択不可 = すべて選択可"]},{"code":657,"indent":3,"parameters":["キャンセル入力 = true"]},{"code":657,"indent":3,"parameters":["ピクチャを自動セット = true"]},{"code":0,"indent":3,"parameters":[]},{"code":412,"indent":2,"parameters":[]},{"code":108,"indent":2,"parameters":["プラグインコマンド「カード選択」を使用した後は（必要なら さらに「文章の表示」後）"]},{"code":408,"indent":2,"parameters":["必ず イベントコマンド「アイテム選択の処理」を実行し、変数IDを入力して下さい！"]},{"code":408,"indent":2,"parameters":["　（アイテムタイプは無視されるので、適当に入力して下さい）"]},{"code":408,"indent":2,"parameters":["【補足】NLM_CardLayoutMZ.jsプラグイン効果で 文章の表示で \"\\>\" が次行も継続実行されます"]},{"code":101,"indent":2,"parameters":["",0,0,0,""]},{"code":401,"indent":2,"parameters":["\\>"]},{"code":401,"indent":2,"parameters":["　　　　　　鑑賞したい カードを 選んでください"]},{"code":401,"indent":2,"parameters":["\\c[24]　　　　　（やめる時は キャンセルボタン を 押す）"]},{"code":104,"indent":2,"parameters":[26,2]},{"code":111,"indent":2,"parameters":[1,26,0,0,0]},{"code":113,"indent":3,"parameters":[]},{"code":0,"indent":3,"parameters":[]},{"code":412,"indent":2,"parameters":[]},{"code":108,"indent":2,"parameters":["「ピクチャを自動セット」（ピクチャ31番に表面画、32番に裏面画が入る）がついている"]},{"code":408,"indent":2,"parameters":["プラグインコマンドでは　該当カードID変数　(ID:15)"]},{"code":408,"indent":2,"parameters":["　　　　　　　　　　　　該当アイコンID変数(ID:16)"]},{"code":408,"indent":2,"parameters":["　　　　　　　　　　　　該当カード名変数　(ID:17)　　も自動でセットされます"]},{"code":408,"indent":2,"parameters":["【補足】NLM_CardLayoutMZ.jsプラグイン効果で スクリプト内で変数値を v[] で置換できます"]},{"code":122,"indent":2,"parameters":[27,27,0,4,"$dataItems[v[15]].description; // 説明文"]},{"code":232,"indent":2,"parameters":[31,0,1,0,408,210,100,100,255,0,20,false,2]},{"code":101,"indent":2,"parameters":["",0,0,2,"\\i[\\v[16]]\\c[17]\\v[17]"]},{"code":401,"indent":2,"parameters":["\\>"]},{"code":401,"indent":2,"parameters":["\\v[27]"]},{"code":235,"indent":2,"parameters":[31]},{"code":0,"indent":2,"parameters":[]},{"code":413,"indent":1,"parameters":[]},{"code":0,"indent":1,"parameters":[]},{"code":413,"indent":0,"parameters":[]},{"code":223,"indent":0,"parameters":[[0,0,0,0],10,true]},{"code":235,"indent":0,"parameters":[32]},{"code":355,"indent":0,"parameters":["SceneManager.push(Scene_Item); // アイテムメニューへ"]},{"code":0,"indent":0,"parameters":[]}],"name":"カード鑑賞","switchId":1,"trigger":0},
{"id":23,"list":[{"code":108,"indent":0,"parameters":["【使用後に「カードを移動」で場札へ】"]},{"code":408,"indent":0,"parameters":["　使用直前共通イベントで、使用カードIDを 変数ID:30 (使用カードID控え)に入れています"]},{"code":408,"indent":0,"parameters":["　使用効果コモンイベント時点ではプラグイン効果で、すでに捨札へ移動済みです"]},{"code":408,"indent":0,"parameters":["　　※ サンプルでは「召喚」と「チャージ」カード使用時に利用"]},{"code":408,"indent":0,"parameters":["ーーーーーーーーーーーーーーーーーーーーーーーーーーーーーーーーーーーーーーーーーーーーー"]},{"code":357,"indent":0,"parameters":["NLM_CardGameMZ","moveCard","カードを移動",{"fromItype":"捨札","toItype":"場札","itemId":"0","idVariable":"30","pictureSet":"false"}]},{"code":657,"indent":0,"parameters":["移動元 = 捨札"]},{"code":657,"indent":0,"parameters":["移動先 = 場札"]},{"code":657,"indent":0,"parameters":["カードID = 0"]},{"code":657,"indent":0,"parameters":["カードIDの変数ID = 30"]},{"code":657,"indent":0,"parameters":["ピクチャを自動セット = false"]},{"code":0,"indent":0,"parameters":[]}],"name":"カード使用後場札","switchId":1,"trigger":0},
{"id":24,"list":[{"code":108,"indent":0,"parameters":["【使用後に「カードを減少」で消滅】"]},{"code":408,"indent":0,"parameters":["　使用直前共通イベントで、使用カードIDを 変数ID:30 (使用カードID控え)に入れています"]},{"code":408,"indent":0,"parameters":["　使用効果コモンイベント時点ではプラグイン効果で、すでに捨札へ移動済みです"]},{"code":408,"indent":0,"parameters":["　　※ サンプルでは「毒」カード使用効果で利用、デッキ総数が1枚減るので注意"]},{"code":408,"indent":0,"parameters":["ーーーーーーーーーーーーーーーーーーーーーーーーーーーーーーーーーーーーーーーーーーーーー"]},{"code":357,"indent":0,"parameters":["NLM_CardGameMZ","loseCard","カードを減少",{"iType":"捨札","itemId":"0","idVariable":"30","num":"1","numVariable":"0","pictureSet":"false"}]},{"code":657,"indent":0,"parameters":["カード種 = 捨札"]},{"code":657,"indent":0,"parameters":["カードID = 0"]},{"code":657,"indent":0,"parameters":["カードIDの変数ID = 30"]},{"code":657,"indent":0,"parameters":["枚数 = 1"]},{"code":657,"indent":0,"parameters":["枚数の変数ID = 0"]},{"code":657,"indent":0,"parameters":["ピクチャを自動セット = false"]},{"code":0,"indent":0,"parameters":[]}],"name":"カード使用後消滅","switchId":1,"trigger":0},
{"id":25,"list":[{"code":108,"indent":0,"parameters":["【手札から捨札へ移動の実行とピクチャ演出】"]},{"code":408,"indent":0,"parameters":["イベント「手札選択し捨札へ」「手札ランダム捨札へ」内で利用"]},{"code":408,"indent":0,"parameters":["ーーーーーーーーーーーーーーーーーーーーーーーーーーーーーーーーーーーーーーーーーーー"]},{"code":408,"indent":0,"parameters":["手札から捨札へ移動したいカードIDを変数ID:24(Input)にすでに入力され、"]},{"code":408,"indent":0,"parameters":["同カードのピクチャが すでにピクチャ31番に入っているものとします"]},{"code":111,"indent":0,"parameters":[1,24,0,0,3]},{"code":357,"indent":1,"parameters":["NLM_CardGameMZ","battleStatus","戦闘ステータスウインドウ",{"operation":"非表示(hide)"}]},{"code":657,"indent":1,"parameters":["戦闘ステータスウインドウ = 非表示(hide)"]},{"code":250,"indent":1,"parameters":[{"name":"Wind4","volume":90,"pitch":100,"pan":0}]},{"code":232,"indent":1,"parameters":[31,0,1,0,408,624,150,150,255,0,1,true,0]},{"code":232,"indent":1,"parameters":[31,0,1,0,408,250,100,100,255,0,7,true,2]},{"code":230,"indent":1,"parameters":[22]},{"code":250,"indent":1,"parameters":[{"name":"Saint1","volume":90,"pitch":100,"pan":0}]},{"code":233,"indent":1,"parameters":[31,50]},{"code":232,"indent":1,"parameters":[31,0,1,0,408,250,25,25,0,0,15,true,1]},{"code":111,"indent":1,"parameters":[1,24,0,10,0]},{"code":108,"indent":2,"parameters":["「毒カード」だったらカードを削除"]},{"code":357,"indent":2,"parameters":["NLM_CardGameMZ","loseCard","カードを減少",{"iType":"手札","itemId":"10","idVariable":"0","num":"1","numVariable":"0","pictureSet":"false"}]},{"code":657,"indent":2,"parameters":["カード種 = 手札"]},{"code":657,"indent":2,"parameters":["カードID = 10"]},{"code":657,"indent":2,"parameters":["カードIDの変数ID = 0"]},{"code":657,"indent":2,"parameters":["枚数 = 1"]},{"code":657,"indent":2,"parameters":["枚数の変数ID = 0"]},{"code":657,"indent":2,"parameters":["ピクチャを自動セット = false"]},{"code":0,"indent":2,"parameters":[]},{"code":411,"indent":1,"parameters":[]},{"code":357,"indent":2,"parameters":["NLM_CardGameMZ","moveCard","カードを移動",{"fromItype":"手札","toItype":"捨札","itemId":"0","idVariable":"24","pictureSet":"false"}]},{"code":657,"indent":2,"parameters":["移動元 = 手札"]},{"code":657,"indent":2,"parameters":["移動先 = 捨札"]},{"code":657,"indent":2,"parameters":["カードID = 0"]},{"code":657,"indent":2,"parameters":["カードIDの変数ID = 24"]},{"code":657,"indent":2,"parameters":["ピクチャを自動セット = false"]},{"code":0,"indent":2,"parameters":[]},{"code":412,"indent":1,"parameters":[]},{"code":357,"indent":1,"parameters":["NLM_CardGameMZ","battleStatus","戦闘ステータスウインドウ",{"operation":"表示(show)"}]},{"code":657,"indent":1,"parameters":["戦闘ステータスウインドウ = 表示(show)"]},{"code":0,"indent":1,"parameters":[]},{"code":412,"indent":0,"parameters":[]},{"code":230,"indent":0,"parameters":[22]},{"code":0,"indent":0,"parameters":[]}],"name":"手札から捨札へ移動","switchId":1,"trigger":0},
{"id":26,"list":[{"code":108,"indent":0,"parameters":["【手札から「カードを選択」させて、「手札から捨札へ移動」】"]},{"code":408,"indent":0,"parameters":["　※ サンプルでは「ステル」スキル使用効果で利用"]},{"code":408,"indent":0,"parameters":["《要注意！！！》"]},{"code":408,"indent":0,"parameters":["　　選択カードがケイシーの使用予定の手札カードだった場合、このターンのケイシーの行動が"]},{"code":408,"indent":0,"parameters":["　キャンセルされてしまいます！　これを防ぐために、ステルの速度補正を-1500としています"]},{"code":408,"indent":0,"parameters":["ーーーーーーーーーーーーーーーーーーーーーーーーーーーーーーーーーーーーーーーーーーーーー"]},{"code":122,"indent":0,"parameters":[27,27,0,4,"this.cardnum(0,6); // 手札の総数"]},{"code":357,"indent":0,"parameters":["NLM_CardGameMZ","selectCard","カード選択(この後 アイテム選択の処理を)",{"iType":"手札","matchCondition":"all","elementId":"0","eIdVariable":"0","script":"","centering":"true","numDisp":"false","disable":"すべて選択可","cancel":"true","pictureSet":"true"}]},{"code":657,"indent":0,"parameters":["選択されるカード種 = 手札"]},{"code":657,"indent":0,"parameters":["条件合致カードのみ抽出 = all"]},{"code":657,"indent":0,"parameters":["条件合致番号値 = 0"]},{"code":657,"indent":0,"parameters":["条件合致番号の変数ID = 0"]},{"code":657,"indent":0,"parameters":["スクリプト(上級者向け) = "]},{"code":657,"indent":0,"parameters":["中央寄せ表示 = true"]},{"code":657,"indent":0,"parameters":["個数表示 = false"]},{"code":657,"indent":0,"parameters":["使用不可を選択不可 = すべて選択可"]},{"code":657,"indent":0,"parameters":["キャンセル入力 = true"]},{"code":657,"indent":0,"parameters":["ピクチャを自動セット = true"]},{"code":101,"indent":0,"parameters":["",0,0,1," 手札：\\c[17]\\v[27] 枚 "]},{"code":401,"indent":0,"parameters":["\\>"]},{"code":401,"indent":0,"parameters":["\\{　　　\\c[17]捨てるカード\\c[0] を 選んでください"]},{"code":401,"indent":0,"parameters":["\\}　　　　　（何も捨てないときは \\c[24]キャンセルボタン\\c[0]）"]},{"code":104,"indent":0,"parameters":[26,1]},{"code":122,"indent":0,"parameters":[24,24,0,1,26]},{"code":108,"indent":0,"parameters":["変数ID:24(Input)に移動予定のカードIDを入力し、"]},{"code":408,"indent":0,"parameters":["上のプラグインコマンドでピクチャを自動設置している状態です"]},{"code":117,"indent":0,"parameters":[25]},{"code":0,"indent":0,"parameters":[]}],"name":"手札選択し捨札へ","switchId":1,"trigger":0},
{"id":27,"list":[{"code":108,"indent":0,"parameters":["【捨札から「カードを選択」させて、手札へ「カードを移動」】"]},{"code":408,"indent":0,"parameters":["　※ サンプルでは「ドロー」カード使用効果で利用"]},{"code":408,"indent":0,"parameters":["【補足】"]},{"code":408,"indent":0,"parameters":["　ID:30（使用カードID控え) を「カード減少」させているのは、使用直後カードを選ばせないため"]},{"code":408,"indent":0,"parameters":["　　（最後に「カード増加」で戻しています）"]},{"code":408,"indent":0,"parameters":["ーーーーーーーーーーーーーーーーーーーーーーーーーーーーーーーーーーーーーーーーーーーー"]},{"code":357,"indent":0,"parameters":["NLM_CardGameMZ","loseCard","カードを減少",{"iType":"捨札","itemId":"0","idVariable":"30","num":"1","numVariable":"0","pictureSet":"false"}]},{"code":657,"indent":0,"parameters":["カード種 = 捨札"]},{"code":657,"indent":0,"parameters":["カードID = 0"]},{"code":657,"indent":0,"parameters":["カードIDの変数ID = 30"]},{"code":657,"indent":0,"parameters":["枚数 = 1"]},{"code":657,"indent":0,"parameters":["枚数の変数ID = 0"]},{"code":657,"indent":0,"parameters":["ピクチャを自動セット = false"]},{"code":122,"indent":0,"parameters":[27,27,0,4,"this.cardnum(0,7); // 捨札の総数"]},{"code":357,"indent":0,"parameters":["NLM_CardGameMZ","selectCard","カード選択(この後 アイテム選択の処理を)",{"iType":"捨札","matchCondition":"all","elementId":"0","eIdVariable":"0","script":"","centering":"false","numDisp":"true","disable":"すべて選択可","cancel":"true","pictureSet":"true"}]},{"code":657,"indent":0,"parameters":["選択されるカード種 = 捨札"]},{"code":657,"indent":0,"parameters":["条件合致カードのみ抽出 = all"]},{"code":657,"indent":0,"parameters":["条件合致番号値 = 0"]},{"code":657,"indent":0,"parameters":["条件合致番号の変数ID = 0"]},{"code":657,"indent":0,"parameters":["スクリプト(上級者向け) = "]},{"code":657,"indent":0,"parameters":["中央寄せ表示 = false"]},{"code":657,"indent":0,"parameters":["個数表示 = true"]},{"code":657,"indent":0,"parameters":["使用不可を選択不可 = すべて選択可"]},{"code":657,"indent":0,"parameters":["キャンセル入力 = true"]},{"code":657,"indent":0,"parameters":["ピクチャを自動セット = true"]},{"code":101,"indent":0,"parameters":["",0,0,0," 捨札：\\c[17]\\v[27] 枚 "]},{"code":401,"indent":0,"parameters":["\\>"]},{"code":401,"indent":0,"parameters":["\\{　　\\c[17]手札へ戻すカード\\c[0] を 選んでください"]},{"code":401,"indent":0,"parameters":["\\}　　　　（手札へ何も戻さないときは \\c[24]キャンセルボタン\\c[0]）"]},{"code":104,"indent":0,"parameters":[26,1]},{"code":111,"indent":0,"parameters":[1,26,0,0,3]},{"code":357,"indent":1,"parameters":["NLM_CardGameMZ","battleStatus","戦闘ステータスウインドウ",{"operation":"非表示(hide)"}]},{"code":657,"indent":1,"parameters":["戦闘ステータスウインドウ = 非表示(hide)"]},{"code":230,"indent":1,"parameters":[10]},{"code":232,"indent":1,"parameters":[31,0,1,0,408,0,70,70,255,0,1,true,0]},{"code":232,"indent":1,"parameters":[31,0,1,0,408,250,100,100,255,0,10,true,2]},{"code":230,"indent":1,"parameters":[22]},{"code":250,"indent":1,"parameters":[{"name":"Wind4","volume":90,"pitch":100,"pan":0}]},{"code":232,"indent":1,"parameters":[31,0,1,0,408,624,150,150,0,0,9,true,1]},{"code":357,"indent":1,"parameters":["NLM_CardGameMZ","moveCard","カードを移動",{"fromItype":"捨札","toItype":"手札","itemId":"0","idVariable":"26","pictureSet":"false"}]},{"code":657,"indent":1,"parameters":["移動元 = 捨札"]},{"code":657,"indent":1,"parameters":["移動先 = 手札"]},{"code":657,"indent":1,"parameters":["カードID = 0"]},{"code":657,"indent":1,"parameters":["カードIDの変数ID = 26"]},{"code":657,"indent":1,"parameters":["ピクチャを自動セット = false"]},{"code":0,"indent":1,"parameters":[]},{"code":412,"indent":0,"parameters":[]},{"code":230,"indent":0,"parameters":[22]},{"code":357,"indent":0,"parameters":["NLM_CardGameMZ","battleStatus","戦闘ステータスウインドウ",{"operation":"表示(show)"}]},{"code":657,"indent":0,"parameters":["戦闘ステータスウインドウ = 表示(show)"]},{"code":357,"indent":0,"parameters":["NLM_CardGameMZ","gainCard","カードを増加",{"iType":"捨札","itemId":"0","idVariable":"30","num":"1","numVariable":"0","pictureSet":"false"}]},{"code":657,"indent":0,"parameters":["カード種 = 捨札"]},{"code":657,"indent":0,"parameters":["カードID = 0"]},{"code":657,"indent":0,"parameters":["カードIDの変数ID = 30"]},{"code":657,"indent":0,"parameters":["枚数 = 1"]},{"code":657,"indent":0,"parameters":["枚数の変数ID = 0"]},{"code":657,"indent":0,"parameters":["ピクチャを自動セット = false"]},{"code":0,"indent":0,"parameters":[]}],"name":"捨札選択し手札へ","switchId":1,"trigger":0},
{"id":28,"list":[{"code":108,"indent":0,"parameters":["【山札から「カードを選択」させて「次ドロー予定」を指定】"]},{"code":408,"indent":0,"parameters":["　※ サンプルでは「自滅ドロー」スキル使用効果、「ドロー」トリガー効果で利用"]},{"code":408,"indent":0,"parameters":["ーーーーーーーーーーーーーーーーーーーーーーーーーーーーーーーーーーーーーーーーーーーー"]},{"code":122,"indent":0,"parameters":[27,27,0,4,"this.cardnum(0,5); // 山札の総数"]},{"code":122,"indent":0,"parameters":[28,28,0,3,3,1,12]},{"code":357,"indent":0,"parameters":["NLM_CardGameMZ","selectCard","カード選択(この後 アイテム選択の処理を)",{"iType":"山札(デッキ)","matchCondition":"all","elementId":"0","eIdVariable":"0","script":"","centering":"false","numDisp":"true","disable":"すべて選択可","cancel":"true","pictureSet":"false"}]},{"code":657,"indent":0,"parameters":["選択されるカード種 = 山札(デッキ)"]},{"code":657,"indent":0,"parameters":["条件合致カードのみ抽出 = all"]},{"code":657,"indent":0,"parameters":["条件合致番号値 = 0"]},{"code":657,"indent":0,"parameters":["条件合致番号の変数ID = 0"]},{"code":657,"indent":0,"parameters":["スクリプト(上級者向け) = "]},{"code":657,"indent":0,"parameters":["中央寄せ表示 = false"]},{"code":657,"indent":0,"parameters":["個数表示 = true"]},{"code":657,"indent":0,"parameters":["使用不可を選択不可 = すべて選択可"]},{"code":657,"indent":0,"parameters":["キャンセル入力 = true"]},{"code":657,"indent":0,"parameters":["ピクチャを自動セット = false"]},{"code":101,"indent":0,"parameters":["",0,0,0," 山札：\\c[17]\\v[27] 枚\\c[0]　　　\\i[76]：\\c[24]\\v[28] "]},{"code":401,"indent":0,"parameters":["\\>"]},{"code":401,"indent":0,"parameters":["\\{　　次の \\c[17]ドロー予定\\c[0] を 選んでください"]},{"code":401,"indent":0,"parameters":["\\}　　　　　（何も選ばないときは \\c[24]キャンセルボタン\\c[0]）"]},{"code":104,"indent":0,"parameters":[26,1]},{"code":357,"indent":0,"parameters":["NLM_CardGameMZ","predictDraw","次ドロー予定カード",{"itemId":"0","idVariable":"26","pictureSet":"false"}]},{"code":657,"indent":0,"parameters":["カードID = 0"]},{"code":657,"indent":0,"parameters":["カードIDの変数ID = 26"]},{"code":657,"indent":0,"parameters":["ピクチャを自動セット = false"]},{"code":230,"indent":0,"parameters":[30]},{"code":0,"indent":0,"parameters":[]}],"name":"山札から次ドロー指定","switchId":1,"trigger":0},
{"id":29,"list":[{"code":108,"indent":0,"parameters":["【手札から「ランダムにカード抽出」し、「手札から捨札へ移動」】"]},{"code":408,"indent":0,"parameters":["　※ サンプルでは 敵スキル「カドステ」使用効果で利用"]},{"code":408,"indent":0,"parameters":["《要注意！！！》"]},{"code":408,"indent":0,"parameters":["　　抽出カードがケイシーの選んだ手札使用カードだった場合、このターンのケイシーの行動が"]},{"code":408,"indent":0,"parameters":["　キャンセルされてしまいます！　これを防ぐために、カドステの速度補正を-2000としています"]},{"code":408,"indent":0,"parameters":["ーーーーーーーーーーーーーーーーーーーーーーーーーーーーーーーーーーーーーーーーーーーーー"]},{"code":122,"indent":0,"parameters":[34,34,0,0,0]},{"code":357,"indent":0,"parameters":["NLM_CardGameMZ","randomCard","ランダムにカード抽出",{"iType":"手札","matchCondition":"all","elementId":"0","eIdVariable":"0","script":"","varId":"26","pictureSet":"true"}]},{"code":657,"indent":0,"parameters":["抽出されるカード種 = 手札"]},{"code":657,"indent":0,"parameters":["条件合致カードのみ抽出 = all"]},{"code":657,"indent":0,"parameters":["条件合致番号値 = 0"]},{"code":657,"indent":0,"parameters":["条件合致番号の変数ID = 0"]},{"code":657,"indent":0,"parameters":["スクリプト(上級者向け) = "]},{"code":657,"indent":0,"parameters":["結果を格納する変数ID = 26"]},{"code":657,"indent":0,"parameters":["ピクチャを自動セット = true"]},{"code":122,"indent":0,"parameters":[24,24,0,1,26]},{"code":108,"indent":0,"parameters":["変数ID:24(Input)に移動予定のカードIDを入力し、"]},{"code":408,"indent":0,"parameters":["上のプラグインコマンドでピクチャを自動設置している状態です"]},{"code":117,"indent":0,"parameters":[25]},{"code":0,"indent":0,"parameters":[]}],"name":"手札ランダム捨札へ","switchId":1,"trigger":0},
{"id":30,"list":[{"code":108,"indent":0,"parameters":["【山札で 毒の「カード増加」】"]},{"code":408,"indent":0,"parameters":["　※ サンプルでは 敵スキル「毒針」の使用効果で利用"]},{"code":408,"indent":0,"parameters":["ーーーーーーーーーーーーーーーーーーーーーーーーーーーーーーーーーーーーーーーーーーーー"]},{"code":122,"indent":0,"parameters":[34,34,0,0,0]},{"code":357,"indent":0,"parameters":["NLM_CardGameMZ","gainCard","カードを増加",{"iType":"山札(デッキ)","itemId":"10","idVariable":"0","num":"1","numVariable":"0","pictureSet":"true"}]},{"code":657,"indent":0,"parameters":["カード種 = 山札(デッキ)"]},{"code":657,"indent":0,"parameters":["カードID = 10"]},{"code":657,"indent":0,"parameters":["カードIDの変数ID = 0"]},{"code":657,"indent":0,"parameters":["枚数 = 1"]},{"code":657,"indent":0,"parameters":["枚数の変数ID = 0"]},{"code":657,"indent":0,"parameters":["ピクチャを自動セット = true"]},{"code":108,"indent":0,"parameters":["上コマンドにより、カード表面画がピクチャ31番（および裏面画が32番）に設置されます"]},{"code":232,"indent":0,"parameters":[31,0,1,0,0,250,50,50,0,0,1,true,0]},{"code":232,"indent":0,"parameters":[31,0,1,0,408,250,100,100,255,0,7,true,2]},{"code":230,"indent":0,"parameters":[15]},{"code":250,"indent":0,"parameters":[{"name":"Poison","volume":90,"pitch":100,"pan":0}]},{"code":232,"indent":0,"parameters":[31,0,1,0,816,250,150,150,0,0,15,true,1]},{"code":230,"indent":0,"parameters":[40]},{"code":0,"indent":0,"parameters":[]}],"name":"毒カードを山札へ","switchId":1,"trigger":0},
{"id":31,"list":[{"code":108,"indent":0,"parameters":["【山札の毒カードを全消去】"]},{"code":408,"indent":0,"parameters":["　※ サンプルでは「クリーン」のカード使用効果で利用"]},{"code":408,"indent":0,"parameters":["【補足】"]},{"code":408,"indent":0,"parameters":["　999枚減少させていますが、マイナス値にはならず、ゼロになります"]},{"code":408,"indent":0,"parameters":["ーーーーーーーーーーーーーーーーーーーーーーーーーーーーーーーーーーーーーーーーーーーーー"]},{"code":357,"indent":0,"parameters":["NLM_CardGameMZ","loseCard","カードを減少",{"iType":"山札(デッキ)","itemId":"10","idVariable":"0","num":"999","numVariable":"0","pictureSet":"false"}]},{"code":657,"indent":0,"parameters":["カード種 = 山札(デッキ)"]},{"code":657,"indent":0,"parameters":["カードID = 10"]},{"code":657,"indent":0,"parameters":["カードIDの変数ID = 0"]},{"code":657,"indent":0,"parameters":["枚数 = 999"]},{"code":657,"indent":0,"parameters":["枚数の変数ID = 0"]},{"code":657,"indent":0,"parameters":["ピクチャを自動セット = false"]},{"code":0,"indent":0,"parameters":[]}],"name":"山札の毒を全消去","switchId":1,"trigger":0},
{"id":32,"list":[{"code":108,"indent":0,"parameters":["【手札の毒カードを全消去】"]},{"code":408,"indent":0,"parameters":["　※ サンプルでは「クリーン」のトリガー効果、スキル「オールヒール」使用効果で利用"]},{"code":408,"indent":0,"parameters":["【補足】"]},{"code":408,"indent":0,"parameters":["　999枚減少させていますが、マイナス値にはならず、ゼロになります"]},{"code":408,"indent":0,"parameters":["ーーーーーーーーーーーーーーーーーーーーーーーーーーーーーーーーーーーーーーーーーーーーー"]},{"code":357,"indent":0,"parameters":["NLM_CardGameMZ","loseCard","カードを減少",{"iType":"手札","itemId":"10","idVariable":"0","num":"999","numVariable":"0","pictureSet":"false"}]},{"code":657,"indent":0,"parameters":["カード種 = 手札"]},{"code":657,"indent":0,"parameters":["カードID = 10"]},{"code":657,"indent":0,"parameters":["カードIDの変数ID = 0"]},{"code":657,"indent":0,"parameters":["枚数 = 999"]},{"code":657,"indent":0,"parameters":["枚数の変数ID = 0"]},{"code":657,"indent":0,"parameters":["ピクチャを自動セット = false"]},{"code":0,"indent":0,"parameters":[]}],"name":"手札の毒を全消去","switchId":1,"trigger":0},
{"id":33,"list":[{"code":108,"indent":0,"parameters":["【マップ上でアイテムを獲得した時の演出】"]},{"code":408,"indent":0,"parameters":["変数ID:24(Input) に アイテムID が入力されている状態とします"]},{"code":408,"indent":0,"parameters":["ーーーーーーーーーーーーーーーーーーーーーーーーーーーーーーーーーーーーーーーーーーーー"]},{"code":122,"indent":0,"parameters":[34,34,0,0,0]},{"code":357,"indent":0,"parameters":["NLM_CardGameMZ","iconDotChange","アイコンドット変更",{"iconDot":"プラグインでの設定値","tempDot":"0"}]},{"code":657,"indent":0,"parameters":["アイコンドット指定 = プラグインでの設定値"]},{"code":657,"indent":0,"parameters":["入力値 = 0"]},{"code":357,"indent":0,"parameters":["NLM_CardGameMZ","gainCard","カードを増加",{"iType":"デッキ外","itemId":"0","idVariable":"24","num":"1","numVariable":"0","pictureSet":"true"}]},{"code":657,"indent":0,"parameters":["カード種 = デッキ外"]},{"code":657,"indent":0,"parameters":["カードID = 0"]},{"code":657,"indent":0,"parameters":["カードIDの変数ID = 24"]},{"code":657,"indent":0,"parameters":["枚数 = 1"]},{"code":657,"indent":0,"parameters":["枚数の変数ID = 0"]},{"code":657,"indent":0,"parameters":["ピクチャを自動セット = true"]},{"code":108,"indent":0,"parameters":["「カードを増加」コマンドは裏技的に「大事なもの」を指定することもできます"]},{"code":408,"indent":0,"parameters":["　　（その場合、カード種は無視されます）"]},{"code":408,"indent":0,"parameters":["上コマンドにより、アイコンIDが変数ID:16に、カード名が変数ID:17に自動で代入され、"]},{"code":408,"indent":0,"parameters":["　カード表面画がピクチャ31番（および裏面画が32番）に設置されます"]},{"code":232,"indent":0,"parameters":[31,0,1,0,408,270,25,25,255,0,1,true,0]},{"code":232,"indent":0,"parameters":[31,0,1,0,408,270,100,100,255,0,20,true,2]},{"code":249,"indent":0,"parameters":[{"name":"Item","volume":90,"pitch":100,"pan":0}]},{"code":101,"indent":0,"parameters":["",0,1,2,""]},{"code":401,"indent":0,"parameters":["\\>"]},{"code":401,"indent":0,"parameters":["\\{\\{　　\\i[\\v[16]]\\c[17]\\v[17]　\\}\\}\\c[0]を ゲット！！"]},{"code":232,"indent":0,"parameters":[31,0,1,0,408,624,200,200,0,0,20,true,1]},{"code":235,"indent":0,"parameters":[31]},{"code":235,"indent":0,"parameters":[32]},{"code":357,"indent":0,"parameters":["NLM_CardGameMZ","iconDotChange","アイコンドット変更",{"iconDot":"ツクールデフォ値","tempDot":"0"}]},{"code":657,"indent":0,"parameters":["アイコンドット指定 = ツクールデフォ値"]},{"code":657,"indent":0,"parameters":["入力値 = 0"]},{"code":0,"indent":0,"parameters":[]}],"name":"アイテム獲得","switchId":1,"trigger":0},
{"id":34,"list":[{"code":108,"indent":0,"parameters":["【マップ上でアイテムを使用する演出】"]},{"code":408,"indent":0,"parameters":["変数ID:24(Input) に アイテムID が入力されている状態とします"]},{"code":408,"indent":0,"parameters":["ーーーーーーーーーーーーーーーーーーーーーーーーーーーーーーーーーーーーーーーーーーーー"]},{"code":357,"indent":0,"parameters":["NLM_CardGameMZ","loseCard","カードを減少",{"iType":"デッキ外","itemId":"0","idVariable":"24","num":"1","numVariable":"0","pictureSet":"true"}]},{"code":657,"indent":0,"parameters":["カード種 = デッキ外"]},{"code":657,"indent":0,"parameters":["カードID = 0"]},{"code":657,"indent":0,"parameters":["カードIDの変数ID = 24"]},{"code":657,"indent":0,"parameters":["枚数 = 1"]},{"code":657,"indent":0,"parameters":["枚数の変数ID = 0"]},{"code":657,"indent":0,"parameters":["ピクチャを自動セット = true"]},{"code":108,"indent":0,"parameters":["「カードを減少」コマンドは裏技的に「大事なもの」を指定することもできます"]},{"code":408,"indent":0,"parameters":["　　（その場合、カード種は無視されます）"]},{"code":408,"indent":0,"parameters":["上コマンドにより、アイコンIDが変数ID:16に、カード名が変数ID:17に自動で代入され、"]},{"code":408,"indent":0,"parameters":["　カード表面画がピクチャ31番（および裏面画が32番）に設置されます"]},{"code":232,"indent":0,"parameters":[31,0,1,0,408,624,150,150,255,0,1,true,0]},{"code":232,"indent":0,"parameters":[31,0,1,0,408,250,100,100,255,0,20,true,2]},{"code":230,"indent":0,"parameters":[22]},{"code":233,"indent":0,"parameters":[31,50]},{"code":232,"indent":0,"parameters":[31,0,1,0,408,250,25,25,0,0,20,true,1]},{"code":235,"indent":0,"parameters":[31]},{"code":235,"indent":0,"parameters":[32]},{"code":0,"indent":0,"parameters":[]}],"name":"アイテム使用","switchId":1,"trigger":0},
{"id":35,"list":[{"code":108,"indent":0,"parameters":["【アクターを召喚するアイテムの「使用効果」で設定するイベント】"]},{"code":408,"indent":0,"parameters":["・「召喚成否変数」値は、召喚成功で「1」、既召喚失敗で「-1」、人数超過失敗で「-2」が入ります"]},{"code":408,"indent":0,"parameters":["・複数召喚アクターを「行動強制」したい場合（「召喚アクター変数」に値が入った後）、"]},{"code":408,"indent":0,"parameters":[" 　スクリプト「$gameSystem.forceActor();」を書き、「戦闘行動の強制」を行なえば強制できます"]},{"code":408,"indent":0,"parameters":["　　（この場合「戦闘行動の強制」での入力アクターは無視されます）"]},{"code":408,"indent":0,"parameters":["ーーーーーーーーーーーーーーーーーーーーーーーーーーーーーーーーーーーーーーーーーーーーーー"]},{"code":111,"indent":0,"parameters":[1,19,0,1,0]},{"code":355,"indent":1,"parameters":["$gameSystem.forceActor();"]},{"code":339,"indent":1,"parameters":[1,1,1,-1]},{"code":117,"indent":1,"parameters":[23]},{"code":0,"indent":1,"parameters":[]},{"code":412,"indent":0,"parameters":[]},{"code":0,"indent":0,"parameters":[]}],"name":"召喚後通常攻撃","switchId":1,"trigger":0},
{"id":36,"list":[{"code":108,"indent":0,"parameters":["【アクターを召喚するアイテムの「使用効果」で設定するイベント】"]},{"code":408,"indent":0,"parameters":["・「召喚成否変数」値は、召喚成功で「1」、既召喚失敗で「-1」、人数超過失敗で「-2」が入ります"]},{"code":408,"indent":0,"parameters":["・複数召喚アクターを「行動強制」したい場合（「召喚アクター変数」に値が入った後）、"]},{"code":408,"indent":0,"parameters":[" 　スクリプト「$gameSystem.forceActor();」を書き、「戦闘行動の強制」を行なえば強制できます"]},{"code":408,"indent":0,"parameters":["　　（この場合「戦闘行動の強制」での入力アクターは無視されます）"]},{"code":408,"indent":0,"parameters":["ーーーーーーーーーーーーーーーーーーーーーーーーーーーーーーーーーーーーーーーーーーーーーー"]},{"code":111,"indent":0,"parameters":[1,19,0,1,0]},{"code":355,"indent":1,"parameters":["$gameSystem.forceActor();"]},{"code":339,"indent":1,"parameters":[1,1,27,-1]},{"code":117,"indent":1,"parameters":[23]},{"code":0,"indent":1,"parameters":[]},{"code":412,"indent":0,"parameters":[]},{"code":0,"indent":0,"parameters":[]}],"name":"召喚後ショット","switchId":1,"trigger":0},
{"id":37,"list":[{"code":108,"indent":0,"parameters":["【アクターを召喚するアイテムの「使用効果」で設定するイベント】"]},{"code":408,"indent":0,"parameters":["・「召喚成否変数」値は、召喚成功で「1」、既召喚失敗で「-1」、人数超過失敗で「-2」が入ります"]},{"code":408,"indent":0,"parameters":["・複数召喚アクターを「行動強制」したい場合（「召喚アクター変数」に値が入った後）、"]},{"code":408,"indent":0,"parameters":[" 　スクリプト「$gameSystem.forceActor();」を書き、「戦闘行動の強制」を行なえば強制できます"]},{"code":408,"indent":0,"parameters":["　　（この場合「戦闘行動の強制」での入力アクターは無視されます）"]},{"code":408,"indent":0,"parameters":["ーーーーーーーーーーーーーーーーーーーーーーーーーーーーーーーーーーーーーーーーーーーーーー"]},{"code":111,"indent":0,"parameters":[1,19,0,1,0]},{"code":355,"indent":1,"parameters":["$gameSystem.forceActor();"]},{"code":339,"indent":1,"parameters":[1,1,28,-1]},{"code":117,"indent":1,"parameters":[23]},{"code":0,"indent":1,"parameters":[]},{"code":412,"indent":0,"parameters":[]},{"code":0,"indent":0,"parameters":[]}],"name":"召喚後ファイア","switchId":1,"trigger":0},
{"id":38,"list":[{"code":108,"indent":0,"parameters":["【アクターを召喚するアイテムの「使用効果」で設定するイベント】"]},{"code":408,"indent":0,"parameters":["・「召喚成否変数」値は、召喚成功で「1」、既召喚失敗で「-1」、人数超過失敗で「-2」が入ります"]},{"code":408,"indent":0,"parameters":["・複数召喚アクターを「行動強制」したい場合（「召喚アクター変数」に値が入った後）、"]},{"code":408,"indent":0,"parameters":[" 　スクリプト「$gameSystem.forceActor();」を書き、「戦闘行動の強制」を行なえば強制できます"]},{"code":408,"indent":0,"parameters":["　　（この場合「戦闘行動の強制」での入力アクターは無視されます）"]},{"code":408,"indent":0,"parameters":["ーーーーーーーーーーーーーーーーーーーーーーーーーーーーーーーーーーーーーーーーーーーーーー"]},{"code":111,"indent":0,"parameters":[1,19,0,1,0]},{"code":355,"indent":1,"parameters":["$gameSystem.forceActor();"]},{"code":339,"indent":1,"parameters":[1,1,29,-1]},{"code":117,"indent":1,"parameters":[23]},{"code":0,"indent":1,"parameters":[]},{"code":412,"indent":0,"parameters":[]},{"code":0,"indent":0,"parameters":[]}],"name":"召喚後ウォータ","switchId":1,"trigger":0},
{"id":39,"list":[{"code":108,"indent":0,"parameters":["【アクターを召喚するアイテムの「使用効果」で設定するイベント】"]},{"code":408,"indent":0,"parameters":["・「召喚成否変数」値は、召喚成功で「1」、既召喚失敗で「-1」、人数超過失敗で「-2」が入ります"]},{"code":408,"indent":0,"parameters":["・複数召喚アクターを「行動強制」したい場合（「召喚アクター変数」に値が入った後）、"]},{"code":408,"indent":0,"parameters":[" 　スクリプト「$gameSystem.forceActor();」を書き、「戦闘行動の強制」を行なえば強制できます"]},{"code":408,"indent":0,"parameters":["　　（この場合「戦闘行動の強制」での入力アクターは無視されます）"]},{"code":408,"indent":0,"parameters":["ーーーーーーーーーーーーーーーーーーーーーーーーーーーーーーーーーーーーーーーーーーーーーー"]},{"code":111,"indent":0,"parameters":[1,19,0,1,0]},{"code":355,"indent":1,"parameters":["$gameSystem.forceActor();"]},{"code":339,"indent":1,"parameters":[1,1,30,-1]},{"code":117,"indent":1,"parameters":[23]},{"code":0,"indent":1,"parameters":[]},{"code":412,"indent":0,"parameters":[]},{"code":0,"indent":0,"parameters":[]}],"name":"召喚後ウィンド","switchId":1,"trigger":0},
{"id":40,"list":[{"code":108,"indent":0,"parameters":["【アクターを召喚するアイテムの「使用効果」で設定するイベント】"]},{"code":408,"indent":0,"parameters":["・「召喚成否変数」値は、召喚成功で「1」、既召喚失敗で「-1」、人数超過失敗で「-2」が入ります"]},{"code":408,"indent":0,"parameters":["・複数召喚アクターを「行動強制」したい場合（「召喚アクター変数」に値が入った後）、"]},{"code":408,"indent":0,"parameters":[" 　スクリプト「$gameSystem.forceActor();」を書き、「戦闘行動の強制」を行なえば強制できます"]},{"code":408,"indent":0,"parameters":["　　（この場合「戦闘行動の強制」での入力アクターは無視されます）"]},{"code":408,"indent":0,"parameters":["ーーーーーーーーーーーーーーーーーーーーーーーーーーーーーーーーーーーーーーーーーーーーーー"]},{"code":111,"indent":0,"parameters":[1,19,0,1,0]},{"code":355,"indent":1,"parameters":["$gameSystem.forceActor();"]},{"code":339,"indent":1,"parameters":[1,1,31,-2]},{"code":117,"indent":1,"parameters":[23]},{"code":0,"indent":1,"parameters":[]},{"code":412,"indent":0,"parameters":[]},{"code":0,"indent":0,"parameters":[]}],"name":"召喚後スピン","switchId":1,"trigger":0},
{"id":41,"list":[{"code":108,"indent":0,"parameters":["【アクターを召喚するアイテムの「使用効果」で設定するイベント】"]},{"code":408,"indent":0,"parameters":["・「召喚成否変数」値は、召喚成功で「1」、既召喚失敗で「-1」、人数超過失敗で「-2」が入ります"]},{"code":408,"indent":0,"parameters":["・複数召喚アクターを「行動強制」したい場合（「召喚アクター変数」に値が入った後）、"]},{"code":408,"indent":0,"parameters":[" 　スクリプト「$gameSystem.forceActor();」を書き、「戦闘行動の強制」を行なえば強制できます"]},{"code":408,"indent":0,"parameters":["　　（この場合「戦闘行動の強制」での入力アクターは無視されます）"]},{"code":408,"indent":0,"parameters":["ーーーーーーーーーーーーーーーーーーーーーーーーーーーーーーーーーーーーーーーーーーーーーー"]},{"code":111,"indent":0,"parameters":[1,19,0,1,0]},{"code":355,"indent":1,"parameters":["$gameSystem.forceActor();"]},{"code":339,"indent":1,"parameters":[1,1,32,-2]},{"code":117,"indent":1,"parameters":[23]},{"code":0,"indent":1,"parameters":[]},{"code":412,"indent":0,"parameters":[]},{"code":0,"indent":0,"parameters":[]}],"name":"召喚後シャワー","switchId":1,"trigger":0},
{"id":42,"list":[{"code":108,"indent":0,"parameters":["【乱数で「ステートを変更」してカード化画像を更新】"]},{"code":408,"indent":0,"parameters":["　※ サンプルでは 敵ラスボス「バリアチェンジ」スキルの使用効果で利用"]},{"code":122,"indent":0,"parameters":[26,26,0,2,1,3]},{"code":111,"indent":0,"parameters":[1,26,0,1,0]},{"code":122,"indent":1,"parameters":[37,37,0,0,64]},{"code":122,"indent":1,"parameters":[38,38,0,0,18]},{"code":333,"indent":1,"parameters":[-1,0,34]},{"code":333,"indent":1,"parameters":[-1,1,35]},{"code":333,"indent":1,"parameters":[-1,1,36]},{"code":0,"indent":1,"parameters":[]},{"code":411,"indent":0,"parameters":[]},{"code":111,"indent":1,"parameters":[1,26,0,2,0]},{"code":122,"indent":2,"parameters":[37,37,0,0,67]},{"code":122,"indent":2,"parameters":[38,38,0,0,23]},{"code":333,"indent":2,"parameters":[-1,1,34]},{"code":333,"indent":2,"parameters":[-1,0,35]},{"code":333,"indent":2,"parameters":[-1,1,36]},{"code":0,"indent":2,"parameters":[]},{"code":411,"indent":1,"parameters":[]},{"code":122,"indent":2,"parameters":[37,37,0,0,69]},{"code":122,"indent":2,"parameters":[38,38,0,0,24]},{"code":333,"indent":2,"parameters":[-1,1,34]},{"code":333,"indent":2,"parameters":[-1,1,35]},{"code":333,"indent":2,"parameters":[-1,0,36]},{"code":0,"indent":2,"parameters":[]},{"code":412,"indent":1,"parameters":[]},{"code":0,"indent":1,"parameters":[]},{"code":412,"indent":0,"parameters":[]},{"code":357,"indent":0,"parameters":["NLM_CardLayoutMZ","cardUpdate","カード化画像更新",{}]},{"code":108,"indent":0,"parameters":["【補足】敵カード画は、ダメージ時やターン遷移時のみ 値・画像が更新されますが、"]},{"code":408,"indent":0,"parameters":["　　　　このプラグインコマンドを使用すると、値・画像を即時更新できます"]},{"code":0,"indent":0,"parameters":[]}],"name":"バリアチェンジ","switchId":1,"trigger":0},
{"id":43,"list":[{"code":108,"indent":0,"parameters":["【女神にアイテムを渡す時の演出】"]},{"code":408,"indent":0,"parameters":["変数ID:24(Input) に アイテムID が入力されている状態とします"]},{"code":408,"indent":0,"parameters":["ーーーーーーーーーーーーーーーーーーーーーーーーーーーーーーーーーーーーーーーーーーーー"]},{"code":230,"indent":0,"parameters":[20]},{"code":250,"indent":0,"parameters":[{"name":"Saint5","volume":90,"pitch":100,"pan":0}]},{"code":117,"indent":0,"parameters":[34]},{"code":108,"indent":0,"parameters":["上イベント内のプラグインコマンドにより、アイコンIDが変数ID:16に、カード名が変数ID:17に代入"]},{"code":101,"indent":0,"parameters":["Nature",6,0,2," 女神 "]},{"code":401,"indent":0,"parameters":[""]},{"code":401,"indent":0,"parameters":["　「 \\i[\\v[16]]\\c[17]\\v[17] \\c[0]を 取り戻していただき、"]},{"code":401,"indent":0,"parameters":["　　ありがとうございます！」"]},{"code":230,"indent":0,"parameters":[20]},{"code":0,"indent":0,"parameters":[]}],"name":"女神受取","switchId":1,"trigger":0},
{"id":44,"list":[{"code":108,"indent":0,"parameters":["【トリガー名を表示して演出】"]},{"code":408,"indent":0,"parameters":["　※「ドロー直前イベント」内で利用"]},{"code":408,"indent":0,"parameters":["　※  変数ID:33には「カード名(文字)控え」が代入されています"]},{"code":408,"indent":0,"parameters":["ーーーーーーーーーーーーーーーーーーーーーーーーーーーーーーーーーーーーーーーーーーーー"]},{"code":250,"indent":0,"parameters":[{"name":"Skill2","volume":90,"pitch":100,"pan":0}]},{"code":224,"indent":0,"parameters":[[255,255,255,170],60,false]},{"code":101,"indent":0,"parameters":["",0,1,2,""]},{"code":401,"indent":0,"parameters":["\\>\\{\\c[17]"]},{"code":401,"indent":0,"parameters":["　　　　　\\v[33]・トリガー！！\\.\\.\\.\\^"]},{"code":0,"indent":0,"parameters":[]}],"name":"トリガー演出","switchId":1,"trigger":0},
{"id":45,"list":[{"code":108,"indent":0,"parameters":["【マップ上で神殿へ帰還する演出】"]},{"code":408,"indent":0,"parameters":["　※ アイテム「リターン」の使用効果、火の世界からの帰還で利用"]},{"code":408,"indent":0,"parameters":["ーーーーーーーーーーーーーーーーーーーーーーーーーーーーーーーーーーーーーーーーーーーー"]},{"code":122,"indent":0,"parameters":[26,26,0,3,7,0,0]},{"code":111,"indent":0,"parameters":[1,26,0,1,5]},{"code":212,"indent":1,"parameters":[-1,49,true]},{"code":221,"indent":1,"parameters":[]},{"code":250,"indent":1,"parameters":[{"name":"Run","volume":90,"pitch":100,"pan":0}]},{"code":201,"indent":1,"parameters":[0,1,11,17,2,0]},{"code":314,"indent":1,"parameters":[0,0]},{"code":222,"indent":1,"parameters":[]},{"code":0,"indent":1,"parameters":[]},{"code":411,"indent":0,"parameters":[]},{"code":126,"indent":1,"parameters":[62,0,0,1]},{"code":0,"indent":1,"parameters":[]},{"code":412,"indent":0,"parameters":[]},{"code":0,"indent":0,"parameters":[]}],"name":"リターン","switchId":1,"trigger":0},
{"id":46,"list":[{"code":0,"indent":0,"parameters":[]}],"name":"","switchId":1,"trigger":0},
{"id":47,"list":[{"code":0,"indent":0,"parameters":[]}],"name":"","switchId":1,"trigger":0},
{"id":48,"list":[{"code":0,"indent":0,"parameters":[]}],"name":"","switchId":1,"trigger":0},
{"id":49,"list":[{"code":0,"indent":0,"parameters":[]}],"name":"","switchId":1,"trigger":0},
{"id":50,"list":[{"code":0,"indent":0,"parameters":[]}],"name":"","switchId":1,"trigger":0}
]