[
null,
{"id":1,"actions":[{"skillId":15,"rating":5,"conditionType":0,"conditionParam1":0,"conditionParam2":0}],"battlerHue":0,"battlerName":"Crow","dropItems":[{"kind":0,"dataId":0,"denominator":1},{"dataId":1,"denominator":1,"kind":0},{"dataId":1,"denominator":1,"kind":0}],"exp":16,"traits":[{"code":22,"dataId":0,"value":0.97},{"code":22,"dataId":1,"value":0.02},{"code":31,"dataId":4,"value":0},{"code":11,"dataId":2,"value":1.6}],"gold":140,"name":"大カラス","note":"<CESve:Crow>　　←メイン画指定\n<cadd:1,0,30>　 ←倍率, X補正, Y補正\n<ctxt1:\\i[69]>　←メモ置換番号1の自由文字","params":[200,0,18,20,20,20,26,20]},
{"id":2,"actions":[{"skillId":12,"rating":5,"conditionType":0,"conditionParam1":0,"conditionParam2":0},{"skillId":17,"rating":3,"conditionType":0,"conditionParam1":0,"conditionParam2":0}],"battlerHue":0,"battlerName":"Goblin","dropItems":[{"dataId":1,"denominator":1,"kind":0},{"dataId":1,"denominator":1,"kind":0},{"dataId":1,"denominator":1,"kind":0}],"exp":20,"traits":[{"code":22,"dataId":0,"value":0.97},{"code":22,"dataId":1,"value":0.01},{"code":31,"dataId":4,"value":0},{"code":11,"dataId":2,"value":1.6}],"gold":180,"name":"ゴブリン","note":"<CESve:Goblin>　　<cadd:0.7>\n<ctxt1:\\i[69]>","params":[260,50,20,24,20,24,22,24]},
{"id":3,"actions":[{"skillId":13,"rating":5,"conditionType":0,"conditionParam1":0,"conditionParam2":0}],"battlerHue":0,"battlerName":"Crab","dropItems":[{"dataId":1,"denominator":1,"kind":0},{"dataId":1,"denominator":1,"kind":0},{"dataId":1,"denominator":1,"kind":0}],"exp":26,"traits":[{"code":22,"dataId":0,"value":0.97},{"code":22,"dataId":1,"value":0.01},{"code":31,"dataId":3,"value":0},{"code":11,"dataId":4,"value":1.6}],"gold":220,"name":"クラブ","note":"<CESve:Crab>　　←メイン画指定\n<cadd:0.6>　　　←メイン画の倍率\n<ccolor9:23>　　←メモ置換番号9(背景)の色1\n<ctxt1:\\i[67]>　←メモ置換番号1の自由文字","params":[300,0,28,38,20,0,22,22]},
{"id":4,"actions":[{"skillId":20,"rating":5,"conditionType":0,"conditionParam1":0,"conditionParam2":0},{"skillId":13,"rating":3,"conditionType":0,"conditionParam1":0,"conditionParam2":0}],"battlerHue":0,"battlerName":"Mechascorpion","dropItems":[{"dataId":1,"denominator":1,"kind":0},{"dataId":1,"denominator":1,"kind":0},{"dataId":1,"denominator":1,"kind":0}],"exp":35,"traits":[{"code":22,"dataId":0,"value":0.97},{"code":22,"dataId":1,"value":0.01},{"code":31,"dataId":3,"value":0},{"code":11,"dataId":4,"value":1.6}],"gold":260,"name":"毒サソリ","note":"<CESve:Mechascorpion>　<cadd:0.65>\n<ccolor9:23>　　 　　　<ctxt1:\\i[67]>","params":[340,0,32,28,28,28,24,28]},
{"id":5,"actions":[{"skillId":15,"rating":5,"conditionType":0,"conditionParam1":0,"conditionParam2":0},{"skillId":19,"rating":4,"conditionType":0,"conditionParam1":0,"conditionParam2":0},{"skillId":17,"rating":3,"conditionType":0,"conditionParam1":0,"conditionParam2":0}],"battlerHue":0,"battlerName":"Sandworm","dropItems":[{"dataId":1,"denominator":1,"kind":0},{"dataId":1,"denominator":1,"kind":0},{"dataId":1,"denominator":1,"kind":0}],"exp":48,"traits":[{"code":22,"dataId":0,"value":0.97},{"code":22,"dataId":1,"value":0},{"code":31,"dataId":2,"value":0},{"code":11,"dataId":3,"value":1.6}],"gold":300,"name":"牙ウォーム","note":"<CESve:Sandworm>　　　<cadd:0.6>\n<ccolor9:25>　　  　　<ctxt1:\\i[64]>","params":[480,50,40,35,35,35,24,36]},
{"id":6,"actions":[{"skillId":14,"rating":5,"conditionType":0,"conditionParam1":0,"conditionParam2":0},{"skillId":21,"rating":5,"conditionType":0,"conditionParam1":0,"conditionParam2":0}],"battlerHue":0,"battlerName":"Salamander","dropItems":[{"dataId":1,"denominator":1,"kind":0},{"dataId":1,"denominator":1,"kind":0},{"dataId":1,"denominator":1,"kind":0}],"exp":56,"traits":[{"code":22,"dataId":0,"value":0.97},{"code":22,"dataId":1,"value":0.02},{"code":31,"dataId":2,"value":0},{"code":11,"dataId":3,"value":1.6}],"gold":340,"name":"サラマンダ","note":"<CESve:Salamander>　 　<cadd:0.8,5,-10>\n<ccolor9:25>　　 　　　<ctxt1:\\i[64]>","params":[420,0,30,32,15,32,30,32]},
{"id":7,"actions":[{"skillId":19,"rating":9,"conditionType":1,"conditionParam1":1,"conditionParam2":0},{"skillId":14,"rating":5,"conditionType":0,"conditionParam1":0,"conditionParam2":0},{"skillId":19,"rating":3,"conditionType":0,"conditionParam1":0,"conditionParam2":0},{"skillId":17,"rating":3,"conditionType":0,"conditionParam1":0,"conditionParam2":0}],"battlerHue":0,"battlerName":"Birdman","dropItems":[{"kind":1,"dataId":66,"denominator":1},{"dataId":1,"denominator":1,"kind":0},{"dataId":1,"denominator":1,"kind":0}],"exp":100,"traits":[{"code":22,"dataId":0,"value":0.97},{"code":22,"dataId":1,"value":0.02},{"code":31,"dataId":4,"value":0},{"code":11,"dataId":2,"value":1.6},{"code":63,"dataId":1,"value":1}],"gold":800,"name":"バードマン","note":"<CESve:Birdman>　←メイン画指定\n<cadd:0.7>　　　 ←メイン画の倍率\n<ctxt1:\\i[69]>　 ←メモ置換番号1の自由文字\n<nxmag:120>　　　←敵本体カード化の倍率％","params":[2000,50,60,35,35,35,35,35]},
{"id":8,"actions":[{"skillId":20,"rating":5,"conditionType":0,"conditionParam1":0,"conditionParam2":0},{"skillId":12,"rating":5,"conditionType":0,"conditionParam1":0,"conditionParam2":0},{"skillId":17,"rating":3,"conditionType":0,"conditionParam1":0,"conditionParam2":0}],"battlerHue":0,"battlerName":"Kraken","dropItems":[{"kind":1,"dataId":67,"denominator":1},{"dataId":1,"denominator":1,"kind":0},{"dataId":1,"denominator":1,"kind":0}],"exp":150,"traits":[{"code":22,"dataId":0,"value":0.97},{"code":22,"dataId":1,"value":0},{"code":31,"dataId":3,"value":0},{"code":11,"dataId":4,"value":1.6},{"code":63,"dataId":1,"value":1},{"code":61,"dataId":0,"value":1},{"code":13,"dataId":4,"value":0}],"gold":1300,"name":"クラーケン","note":"<CESve:Kraken>　　<cadd:0.7,0,5>\n<ccolor9:23>　　　<ctxt1:\\i[67]>\n<nxmag:120>","params":[2500,50,60,35,35,35,35,999]},
{"id":9,"actions":[{"skillId":15,"rating":5,"conditionType":0,"conditionParam1":0,"conditionParam2":0},{"skillId":21,"rating":4,"conditionType":0,"conditionParam1":0,"conditionParam2":0},{"skillId":19,"rating":3,"conditionType":0,"conditionParam1":0,"conditionParam2":0},{"skillId":17,"rating":3,"conditionType":0,"conditionParam1":0,"conditionParam2":0},{"skillId":22,"rating":3,"conditionType":0,"conditionParam1":0,"conditionParam2":0}],"battlerHue":0,"battlerName":"SF_Phoenix","dropItems":[{"kind":1,"dataId":68,"denominator":1},{"dataId":1,"denominator":1,"kind":0},{"dataId":1,"denominator":1,"kind":0}],"exp":200,"traits":[{"code":22,"dataId":0,"value":0.97},{"code":22,"dataId":1,"value":0.02},{"code":31,"dataId":2,"value":0},{"code":11,"dataId":3,"value":1.6},{"code":63,"dataId":1,"value":1},{"code":61,"dataId":0,"value":1}],"gold":2000,"name":"炎の鳥","note":"<CESve:SF_Phoenix>　　<cadd:0.8,0,-10>\n<ccolor9:25>　 　 　　<ctxt1:\\i[64]>\n<nxmag:120>","params":[3000,50,70,40,0,40,40,999]},
{"id":10,"actions":[{"skillId":17,"rating":8,"conditionType":1,"conditionParam1":5,"conditionParam2":0},{"skillId":16,"rating":5,"conditionType":0,"conditionParam1":0,"conditionParam2":0}],"battlerHue":0,"battlerName":"Goddess","dropItems":[{"dataId":1,"denominator":1,"kind":0},{"dataId":1,"denominator":1,"kind":0},{"dataId":1,"denominator":1,"kind":0}],"exp":5,"traits":[{"code":22,"dataId":0,"value":0.95},{"code":31,"dataId":3,"value":0},{"code":11,"dataId":4,"value":1.5}],"gold":200,"name":"女神","note":"<CEPic:Nature_7>\n<ccolor9:23>　　<ctxt1:\\i[67]>","params":[999,50,30,30,30,20,1,30]},
{"id":11,"actions":[{"skillId":15,"rating":5,"conditionType":0,"conditionParam1":0,"conditionParam2":0},{"skillId":20,"rating":5,"conditionType":0,"conditionParam1":0,"conditionParam2":0},{"skillId":19,"rating":4,"conditionType":0,"conditionParam1":0,"conditionParam2":0},{"skillId":21,"rating":4,"conditionType":0,"conditionParam1":0,"conditionParam2":0},{"skillId":23,"rating":4,"conditionType":0,"conditionParam1":0,"conditionParam2":0},{"skillId":22,"rating":3,"conditionType":0,"conditionParam1":0,"conditionParam2":0}],"battlerHue":0,"battlerName":"Lich","dropItems":[{"kind":1,"dataId":72,"denominator":1},{"dataId":1,"denominator":1,"kind":0},{"dataId":1,"denominator":1,"kind":0}],"exp":300,"traits":[{"code":22,"dataId":0,"value":0.97},{"code":22,"dataId":1,"value":0},{"code":63,"dataId":1,"value":1},{"code":61,"dataId":0,"value":1},{"code":13,"dataId":4,"value":0}],"gold":4000,"name":"不死王","note":"<CEPic:Monster_7>　　<cadd:0.8>\n<vcolor9:38>　 　<ctxt1:\\i[\\v[37]]>\n<nxmag:130>","params":[3500,70,80,45,15,45,35,999]},
{"id":12,"actions":[{"skillId":14,"rating":5,"conditionType":0,"conditionParam1":0,"conditionParam2":0},{"skillId":19,"rating":3,"conditionType":0,"conditionParam1":0,"conditionParam2":0},{"skillId":17,"rating":3,"conditionType":0,"conditionParam1":0,"conditionParam2":0}],"battlerHue":30,"battlerName":"Birdman","dropItems":[{"kind":1,"dataId":66,"denominator":1},{"dataId":1,"denominator":1,"kind":0},{"dataId":1,"denominator":1,"kind":0}],"exp":400,"traits":[{"code":22,"dataId":0,"value":0.97},{"code":22,"dataId":1,"value":0.02},{"code":31,"dataId":4,"value":0},{"code":11,"dataId":2,"value":1.6},{"code":63,"dataId":1,"value":1},{"code":61,"dataId":0,"value":1}],"gold":5000,"name":"強バードマン","note":"<CESve:Birdman>　　<cadd:0.7>\n<ccolor9:24>　　　<ctxt1:\\i[69]>\n<nxmag:120>\n※「色相」を変えると 敵カード化のレイアウト\n　全部の色相が変わってしまう仕様のため、\n　（Window内やピクチャでは色相は無視される)\n　使い道は限られます","params":[5000,50,100,50,50,50,50,50]},
{"id":13,"actions":[{"skillId":20,"rating":5,"conditionType":0,"conditionParam1":0,"conditionParam2":0},{"skillId":12,"rating":5,"conditionType":0,"conditionParam1":0,"conditionParam2":0},{"skillId":17,"rating":3,"conditionType":0,"conditionParam1":0,"conditionParam2":0}],"battlerHue":30,"battlerName":"Kraken","dropItems":[{"kind":1,"dataId":67,"denominator":1},{"dataId":1,"denominator":1,"kind":0},{"dataId":1,"denominator":1,"kind":0}],"exp":500,"traits":[{"code":22,"dataId":0,"value":0.97},{"code":22,"dataId":1,"value":0},{"code":31,"dataId":3,"value":0},{"code":11,"dataId":4,"value":1.6},{"code":63,"dataId":1,"value":1},{"code":61,"dataId":0,"value":1},{"code":13,"dataId":4,"value":0}],"gold":6000,"name":"強クラーケン","note":"<CESve:Kraken>　　<cadd:0.7,0,5>\n<ccolor9:23>　　　<ctxt1:\\i[67]>\n<nxmag:120>\n※「色相」を変えると 敵カード化のレイアウト\n　全部の色相が変わってしまう仕様のため、\n　（Window内やピクチャでは色相は無視される)\n　使い道は限られます","params":[6000,50,100,55,55,55,40,999]},
{"id":14,"actions":[{"skillId":15,"rating":5,"conditionType":0,"conditionParam1":0,"conditionParam2":0},{"skillId":21,"rating":4,"conditionType":0,"conditionParam1":0,"conditionParam2":0},{"skillId":19,"rating":3,"conditionType":0,"conditionParam1":0,"conditionParam2":0},{"skillId":17,"rating":3,"conditionType":0,"conditionParam1":0,"conditionParam2":0},{"skillId":22,"rating":3,"conditionType":0,"conditionParam1":0,"conditionParam2":0}],"battlerHue":30,"battlerName":"SF_Phoenix","dropItems":[{"kind":1,"dataId":68,"denominator":1},{"dataId":1,"denominator":1,"kind":0},{"dataId":1,"denominator":1,"kind":0}],"exp":600,"traits":[{"code":22,"dataId":0,"value":0.97},{"code":22,"dataId":1,"value":0.02},{"code":31,"dataId":2,"value":0},{"code":11,"dataId":3,"value":1.6},{"code":63,"dataId":1,"value":1},{"code":61,"dataId":0,"value":1}],"gold":7000,"name":"強炎の鳥","note":"<CESve:SF_Phoenix>　　<cadd:0.8,0,-10>\n<ccolor9:25>　 　 　　<ctxt1:\\i[64]>\n<nxmag:120>\n※「色相」を変えると 敵カード化のレイアウト\n　全部の色相が変わってしまう仕様のため、\n　（Window内やピクチャでは色相は無視される)\n　使い道は限られます","params":[7000,50,120,60,30,60,60,999]},
{"id":15,"actions":[{"skillId":15,"rating":5,"conditionType":0,"conditionParam1":0,"conditionParam2":0},{"skillId":20,"rating":5,"conditionType":0,"conditionParam1":0,"conditionParam2":0},{"skillId":19,"rating":4,"conditionType":0,"conditionParam1":0,"conditionParam2":0},{"skillId":21,"rating":4,"conditionType":0,"conditionParam1":0,"conditionParam2":0},{"skillId":23,"rating":4,"conditionType":0,"conditionParam1":0,"conditionParam2":0},{"skillId":22,"rating":3,"conditionType":0,"conditionParam1":0,"conditionParam2":0}],"battlerHue":30,"battlerName":"Lich","dropItems":[{"kind":1,"dataId":72,"denominator":1},{"dataId":1,"denominator":1,"kind":0},{"dataId":1,"denominator":1,"kind":0}],"exp":700,"traits":[{"code":22,"dataId":0,"value":0.97},{"code":22,"dataId":1,"value":0},{"code":63,"dataId":1,"value":1},{"code":61,"dataId":0,"value":1},{"code":13,"dataId":4,"value":0}],"gold":99999,"name":"強不死王","note":"<CEPic:Monster_7>　　<cadd:0.8>\n<vcolor9:38>　 　<ctxt1:\\i[\\v[37]]>\n<nxmag:130>\n※「色相」を変えると 敵カード化のレイアウト\n　全部の色相が変わってしまう仕様のため、\n　（Window内やピクチャでは色相は無視される)\n　使い道は限られます","params":[9999,70,80,70,50,70,70,999]},
{"id":16,"actions":[{"conditionParam1":0,"conditionParam2":0,"conditionType":0,"rating":5,"skillId":1}],"battlerHue":0,"battlerName":"","dropItems":[{"dataId":1,"denominator":1,"kind":0},{"dataId":1,"denominator":1,"kind":0},{"dataId":1,"denominator":1,"kind":0}],"exp":0,"traits":[{"code":22,"dataId":0,"value":0.95},{"code":22,"dataId":1,"value":0.05},{"code":31,"dataId":1,"value":0}],"gold":0,"name":"","note":"","params":[100,0,10,10,10,10,10,10]},
{"id":17,"actions":[{"conditionParam1":0,"conditionParam2":0,"conditionType":0,"rating":5,"skillId":1}],"battlerHue":0,"battlerName":"","dropItems":[{"dataId":1,"denominator":1,"kind":0},{"dataId":1,"denominator":1,"kind":0},{"dataId":1,"denominator":1,"kind":0}],"exp":0,"traits":[{"code":22,"dataId":0,"value":0.95},{"code":22,"dataId":1,"value":0.05},{"code":31,"dataId":1,"value":0}],"gold":0,"name":"","note":"","params":[100,0,10,10,10,10,10,10]},
{"id":18,"actions":[{"conditionParam1":0,"conditionParam2":0,"conditionType":0,"rating":5,"skillId":1}],"battlerHue":0,"battlerName":"","dropItems":[{"dataId":1,"denominator":1,"kind":0},{"dataId":1,"denominator":1,"kind":0},{"dataId":1,"denominator":1,"kind":0}],"exp":0,"traits":[{"code":22,"dataId":0,"value":0.95},{"code":22,"dataId":1,"value":0.05},{"code":31,"dataId":1,"value":0}],"gold":0,"name":"","note":"","params":[100,0,10,10,10,10,10,10]}
]