[
null,
{"id":1,"animationId":0,"consumable":true,"damage":{"critical":false,"elementId":0,"formula":"0","type":0,"variance":20},"description":"","effects":[],"hitType":0,"iconIndex":0,"itypeId":1,"name":"【使用上の注意】","note":"プラグインの影響で「通常アイテム」は全て\nカードとして扱われ、非戦闘時メニュー上では\nデッキ交換のみで使用できなくなります\n\n薬草やポーション等は「大事なもの」で作成し\nて下さい（大事なものは戦闘中に使用不可。\nデータベース上は混在して設定可）","occasion":0,"price":0,"repeats":1,"scope":0,"speed":0,"successRate":100,"tpGain":0},
{"id":2,"animationId":0,"consumable":true,"damage":{"critical":false,"elementId":0,"formula":"0","type":0,"variance":20},"description":"（次以降のメモ欄書き方ページはプラグイン説明をコピーし\n　ただけなので、困った時に見るだけで、読み飛ばしてOK）","effects":[],"hitType":0,"iconIndex":188,"itypeId":1,"name":"【カードの作り方】","note":"アイテムタイプ ：「通常アイテム」\n価格　　　　　 ： 店での売買価格に反映\n使用可能時　　 ： 原則「常時」にして下さい!\n消耗　　　　　 ： 原則「あり」にして下さい!\n範囲、発動、ダメージ、使用効果\n　　　　　　　 ： 戦闘時に反映されます\nメモ　　　　　 ： 次以降のページ参照","occasion":0,"price":0,"repeats":1,"scope":0,"speed":0,"successRate":100,"tpGain":0},
{"id":3,"animationId":0,"consumable":true,"damage":{"critical":false,"elementId":0,"formula":"0","type":0,"variance":20},"description":"<ncard:配列> ：カード情報(配列は6項目でカンマで区切る)","effects":[],"hitType":0,"iconIndex":0,"itypeId":1,"name":"【メモ欄の書き方1】","note":"<ncard:配列>　（省略可）\n1番目：グループ番号（1以上でガチャ対象）\n2番目：レア値　　　（ガチャ当選で利用）\n3番目：最大枚数　　（デッキでの最大枚数）\n4番目：コモンイベントID（使用直前に実行）\n5番目：武器タイプ　（サイドビュー時のみ)\n6番目：モーション　（サイドビュー時のみ）\n　(例)　<ncard:2,1,99,21>\n　　　　<ncard:1>　　　　　　　 \n　　　　<ncard:1,2,0,21,-1>\n　　　　<ncard:0,0,0,0,0,spell>\n（補足）\n1番目はガチャの対象設定で利用し、省略・0\n　の際はガチャの対象外となる\n3番目が省略・0の際は「同一カード最大数」\n　パラメータ値となる\n5番目は「データベース」→「タイプ」→「武\n　器タイプ」の値で、素手は 0、装備武器は\n　-1 とし、省略で 0 となる\n6番目は5番目が 0（素手）のとき有効で\n　walk,wait,chant,guard,damage,evade,\n　thrust,swing,missile,skill,spell,item,\n　escape,victory,dying,abnormal,sleep,\n　dead が使用可能（省略時 item）\n他番号は省略で 0 の値になる\n大事なもの、武器、防具では1-2番目のみ有効\n　（ガチャ対象にしたい場合のみ)","occasion":0,"price":0,"repeats":1,"scope":0,"speed":0,"successRate":100,"tpGain":0},
{"id":4,"animationId":0,"consumable":true,"damage":{"critical":false,"elementId":0,"formula":"0","type":0,"variance":20},"description":"<TPcost:コスト値> ：カード使用にコスト値のTPを消費\n<MPcost:コスト値> ：カード使用にコスト値のMPを消費","effects":[],"hitType":0,"iconIndex":0,"itypeId":1,"name":"【メモ欄の書き方2】","note":"(例)　<TPcost:2>\n　　　<MPcost:9 - v[15]>\n　　　<TPcost:this.cardnum(cId,6)>\n(補足)\n コスト値にスクリプトを利用可(変数値はv[]\n アイテムIDはcIdで置換、a,bは使用不可）\n だが、コマンド入力時（カード実行前）の値\n が参照されるので注意","occasion":0,"price":0,"repeats":1,"scope":0,"speed":0,"successRate":100,"tpGain":0},
{"id":5,"animationId":0,"consumable":true,"damage":{"critical":false,"elementId":0,"formula":"0","type":0,"variance":20},"description":"<CIPic:ファイル名> など ：画像ファイル指定(.png不要)\n<cadd:配列>　　　　　　 ：画像補足情報（省略可）","effects":[],"hitType":0,"iconIndex":0,"itypeId":1,"name":"【メモ欄の書き方3】","note":"picturesフォルダ　 <CIPic:ファイル名> <cadd:倍率,X補正,Y補正>\nenemiesフォルダ　  <CIEne:ファイル名> <cadd:倍率,X補正,Y補正>\nsv_enemiesフォルダ <CISve:ファイル名> <cadd:倍率,X補正,Y補正>\ncharactersフォルダ <CICha:ファイル名> <cadd:X座標,Y座標,倍率,X補正,Y補正>\nfacesフォルダ　　  <CIFac:ファイル名> <cadd:X座標,Y座標,倍率,X補正,Y補正>\nsv_actorsフォルダ  <CISva:ファイル名> <cadd:X座標,Y座標,倍率,X補正,Y補正>\nsystemフォルダ　　 <CISys:ファイル名> <cadd:X座標,Y座標,倍率,X補正,Y補正>\n　　　　　　　　　 <CISys:IconSet>    <cadd:アイコンID, 倍率,X補正,Y補正>\n　→ Baloon, States, Weapons1-3, IconSetのみ対応\nanimationsフォルダ <CIAni:ファイル名> <cadd:X座標,Y座標,倍率,X補正,Y補正>\n　→ imgフォルダ下にanimationsフォルダを作成後、MV規格アニメ素材を入れた場合のみ\ntilesetsフォルダ　 <CITil:ファイル名> <cadd:X座標,Y座標,X連結数,Y連結数,倍率,X補正,Y補正>\n\n(例)\n　<CIEne:Goblin>　 <cadd:1.2, 0, -10>\n　<CICha:Actor1>   <cadd:10,4>\n　<CISys:IconSet>  <cadd:64, 0.6>\n　<CITil:Inside_B> <cadd:13,9,3,2>\n\n(補足)\n <cadd:>省略時は、倍率と連結数は 1、その他の値は 0 になる\n X,Y座標は 0 から数えはじめる、連結数はX,Y軸上で連続するタイル数\n　　複数画像が並ぶ例　①②③④　　  ③は 　X座標2、Y座標0　と数える\n　　　　　　　　　　　⑤⑥⑦⑧　　  ⑥⑦は X座標1、Y座標1、X連結数2、Y連結数1 と数える\n 大文字・小文字が識別されるので入力間違いに注意！","occasion":0,"price":0,"repeats":1,"scope":0,"speed":0,"successRate":100,"tpGain":0},
{"id":6,"animationId":0,"consumable":true,"damage":{"critical":false,"elementId":0,"formula":"0","type":0,"variance":20},"description":"レイアウトの個別置換・消去（レイヤー番号(1-3),メモ置換\n番号(1-9)はNLM_CardLayoutMZ.js内での指定と一致させる）","effects":[],"hitType":0,"iconIndex":0,"itypeId":1,"name":"【メモ欄の書き方4】","note":"<LIPicレイヤー番号:ファイル名>　：　レイヤーを指定画像に置換\n　例)　<LIPic2:Actor1_2>　　　　　 （レイヤーはpicturesフォルダのみ指定可)\n<ctxtメモ置換番号:文章>　　　　 ：　自由文字を記述文章に置換\n　例)　<ctxt6:デッキ計\\v[31]枚>　　　　　（名前・説明文は置換不可）\n<ccolorメモ置換番号:色番号>　　 ：　文字・数値・図形の色1を変更(色番号:0-32)\n　例)　<ccolor4:17>　　　  　 　　　　　 （色2は変更不可）\n<vcolorメモ置換番号:変数ID>　　 ：　指定した変数値が色1の色番号と置換\n　例)　<vcolor3:41>\n<NoLayout:レイアウト番号をカンマで区切って羅列>　：　羅列したレイアウト番号の描画が消去される\n　例)　<NoLayout:2,3,5>　　　　　　　　　　　　　　　（レイアウト番号はレイアウト項目の上からの順番)","occasion":0,"price":0,"repeats":1,"scope":0,"speed":0,"successRate":100,"tpGain":0},
{"id":7,"animationId":0,"consumable":true,"damage":{"critical":false,"elementId":0,"formula":"0","type":0,"variance":20},"description":"その他\n （NLM_CardGameMZ.js関連）","effects":[],"hitType":0,"iconIndex":0,"itypeId":1,"name":"【メモ欄の書き方5】","note":"<DeckUseSw:スイッチID>　：　指定スイッチがON時のみ、デッキ交換ができる\n<HandUseSw:スイッチID>　：　指定スイッチがON時のみ、戦闘時などで使用できる\n　　　　　　　　　　　　　　（プラグインコマンドではOFF時でも移動できます）\n<HandState:ステートID>　：　手札入手時に味方全員そのステートにかかる\n<BoardState:ステートID> ：　場札移動時に味方全員そのステートにかかる\n　　　　　　　　　　　　　　（手札・場札から喪失で、ステート自動解除)\n<nxactor:アクターIDをカンマで区切って羅列>　：　羅列アクターのみ使用可\n　　(例)　<nxactor:1,2,4>　　<nxactor:5>　　　（他アクターで使用不可になる）\n<MPpenetrate>　　：　　MPシールドを無視して、HPのみにダメージを与える\n\n<nxcond:対象,条件,倍率, 対象IDをカンマで区切って羅列>\n　→ 使用時点で対象の条件を満たすと計算式ダメージが倍率分になり、パラメータ\n  　指定のダメージ倍率％変数に100倍値が入る(使用直前コモンイベントで取得可)\n\n　対象：　deck　 ：　山札\n　　　　　disc　 ：　捨札\n　　　　　board　：　場札\n　　　　　hand　 ：　手札(使用カードは条件に含めず)\n　　　　　skill　：　使用者の習得スキル\n　　　　　class　：　職業（使用者も所持すること)\n　　　　　member ：　戦闘メンバー(使用者含め)(IDはアクターID）\n　条件：　　1　：　すべて存在\n　　　　　　2　：　どれか存在\n　　　　　　3　：　存在数だけ倍率累乗\n　 (例)\n　　　<nxcond:hand,1,2,21,22,23>　（手札にID:21,22,23がすべて存在で2倍）\n　　　<nxcond:disc,3,1.2,21,22>　 （捨札のID:21,22の総枚数をnとして1.2^n倍）\n　　　<nxcond:skill,2,3,5,6,7>　　（使用者がスキルID:5,6,7のどれか習得で3倍)\n　　　<nxcond:class,2,1.5,2,3,5>　（使用者が職業ID:2,3,5のどれかなら1.5倍）\n　　　<nxcond:member,1,5,1,3,4>　 （使用者含め戦闘メンバーがID:1,3,4なら5倍)","occasion":0,"price":0,"repeats":1,"scope":0,"speed":0,"successRate":100,"tpGain":0},
{"id":8,"animationId":0,"consumable":true,"damage":{"critical":false,"elementId":0,"formula":"0","type":0,"variance":20},"description":"<isummon:アクターID, 召喚モーション>\n　(NLM_ItemToSummon.js で 召喚アイテムを作成）","effects":[],"hitType":0,"iconIndex":0,"itypeId":1,"name":"【メモ欄の書き方6】","note":"召喚モーションを加える際は半角カンマの後に\n　wait, walk, chant, guard, damage, evade, \n　thrust, swing, missile, skill, spell, \n　item, escape, victory, dying, abnormal, \n　sleep, dead　のうち一つを書いて下さい\n　（モーション省略時は victory になります）\n 例)　<isummon:2>　　　　<isummon:3, wait>","occasion":0,"price":0,"repeats":1,"scope":0,"speed":0,"successRate":100,"tpGain":0},
{"id":9,"animationId":0,"consumable":true,"damage":{"critical":false,"elementId":0,"formula":"0","type":0,"variance":20},"description":"","effects":[],"hitType":0,"iconIndex":0,"itypeId":1,"name":"","note":"","occasion":0,"price":0,"repeats":1,"scope":7,"speed":0,"successRate":100,"tpGain":0},
{"id":10,"animationId":59,"consumable":true,"damage":{"critical":false,"elementId":0,"formula":"0","type":0,"variance":20},"description":"敵1体に\\c[24]毒\\c[0]を付与し、消滅　 \\i[16] \\c[27]レア：0　　\\i[76]\\c[24]コスト：0\\c[0]\n\\c[16]手札\\c[0]に残ると毎ﾀｰﾝ \\c[10]毒ダメージ","effects":[{"code":21,"dataId":4,"value1":1,"value2":0},{"code":44,"dataId":24,"value1":1,"value2":0}],"hitType":2,"iconIndex":2,"itypeId":1,"name":"　毒","note":"<ncard:0,0,99>\n<CISys:IconSet>　<cadd:177, 0.4>\n<ccolor9:18>　 　<vcolor2:34>\n<HandState:4>　→手札で毒ダメージ","occasion":0,"price":1,"repeats":1,"scope":1,"speed":0,"successRate":100,"tpGain":0},
{"id":11,"animationId":0,"consumable":true,"damage":{"critical":false,"elementId":0,"formula":"0","type":0,"variance":20},"description":"","effects":[],"hitType":0,"iconIndex":0,"itypeId":1,"name":"","note":"","occasion":0,"price":0,"repeats":1,"scope":7,"speed":0,"successRate":100,"tpGain":0},
{"id":12,"animationId":0,"consumable":true,"damage":{"critical":false,"elementId":0,"formula":"0","type":0,"variance":20},"description":"","effects":[],"hitType":0,"iconIndex":0,"itypeId":1,"name":"","note":"","occasion":0,"price":0,"repeats":1,"scope":7,"speed":0,"successRate":100,"tpGain":0},
{"id":13,"animationId":0,"consumable":true,"damage":{"critical":false,"elementId":0,"formula":"0","type":0,"variance":20},"description":"","effects":[],"hitType":0,"iconIndex":0,"itypeId":1,"name":"---召喚カード始---","note":"※（上級者向け情報）\n NLM_CardLayout.jsプラグインのパラメータ\n「アイテム･レイアウト」6-7行目のスクリプト\n で、レベル値表示を ID:14以上 かつ 34以下に\n 設定していますが、召喚カードを大きく増やす\n 際は、スクリプト内容を書き換えてください","occasion":0,"price":0,"repeats":1,"scope":7,"speed":0,"successRate":100,"tpGain":0},
{"id":14,"animationId":0,"consumable":true,"damage":{"critical":false,"elementId":0,"formula":"0","type":0,"variance":20},"description":"","effects":[],"hitType":0,"iconIndex":0,"itypeId":1,"name":"","note":"","occasion":0,"price":0,"repeats":1,"scope":7,"speed":0,"successRate":100,"tpGain":0},
{"id":15,"animationId":45,"consumable":true,"damage":{"critical":false,"elementId":0,"formula":"1","type":0,"variance":20},"description":"戦姫\\i[71]ジャンヌを\\c[17]召喚　　 \\i[70] \\c[27]レア：4　　\\i[76]\\c[24]コスト：4\\c[0]\n 攻守とも最強で、毒も無効","effects":[{"code":44,"dataId":40,"value1":1,"value2":0}],"hitType":0,"iconIndex":71,"itypeId":1,"name":"ジャンヌ","note":"<ncard:3,4,0,0,0,chant>　<TPcost:4>\n<CIPic:Actor2_4>　<cadd:0.9>\n<ctxt1:召喚>　<ccolor1:17>　<vcolor2:34>\n<isummon:3>","occasion":0,"price":14600,"repeats":1,"scope":11,"speed":100,"successRate":100,"tpGain":0},
{"id":16,"animationId":45,"consumable":true,"damage":{"critical":false,"elementId":0,"formula":"1","type":0,"variance":20},"description":"巫女\\i[71]ヒミコを\\c[17]召喚　　　 \\i[70] \\c[27]レア：4　　\\i[76]\\c[24]コスト：4\\c[0]\n 全属性魔法を使え、毒も無効","effects":[{"code":44,"dataId":41,"value1":1,"value2":0}],"hitType":0,"iconIndex":71,"itypeId":1,"name":"ヒミコ","note":"<ncard:3,4,0,0,0,chant>　<TPcost:4>\n<CIPic:Actor3_8>　<cadd:0.9>\n<ctxt1:召喚>　<ccolor1:17>　<vcolor2:34>\n<isummon:4>","occasion":0,"price":14600,"repeats":1,"scope":11,"speed":100,"successRate":100,"tpGain":0},
{"id":17,"animationId":45,"consumable":true,"damage":{"critical":false,"elementId":0,"formula":"1","type":0,"variance":20},"description":"忍者\\i[71]カムイを\\c[17]召喚　　　 \\i[70] \\c[27]レア：4　　\\i[76]\\c[24]コスト：4\\c[0]\n 回避･敏捷性が高く、毒も無効","effects":[{"code":44,"dataId":40,"value1":1,"value2":0}],"hitType":0,"iconIndex":71,"itypeId":1,"name":"カムイ","note":"<ncard:3,4,0,0,0,chant>　<TPcost:4>\n<CIPic:Actor3_5>　<cadd:0.9>\n<ctxt1:召喚>　<ccolor1:17>　<vcolor2:34>\n<isummon:5>","occasion":0,"price":14600,"repeats":1,"scope":11,"speed":100,"successRate":100,"tpGain":0},
{"id":18,"animationId":45,"consumable":true,"damage":{"critical":false,"elementId":0,"formula":"1","type":0,"variance":20},"description":"騎士\\i[64]プリシアを\\c[17]召喚　　 \\i[87] \\c[27]レア：3　　\\i[76]\\c[24]コスト：3\\c[0]\n 通常攻撃が全体攻撃となる騎士","effects":[{"code":44,"dataId":40,"value1":1,"value2":0}],"hitType":0,"iconIndex":64,"itypeId":1,"name":"プリシア","note":"<ncard:2,3,0,0,0,chant>　<TPcost:3>\n<CIPic:Actor1_2>　<cadd:0.9,-10>\n<ctxt1:召喚>　<ccolor1:17>　<vcolor2:34>\n<isummon:6>","occasion":0,"price":3600,"repeats":1,"scope":11,"speed":100,"successRate":100,"tpGain":0},
{"id":19,"animationId":45,"consumable":true,"damage":{"critical":false,"elementId":0,"formula":"1","type":0,"variance":20},"description":"騎士\\i[67]クールを\\c[17]召喚　　　 \\i[87] \\c[27]レア：3　　\\i[76]\\c[24]コスト：3\\c[0]\n 通常攻撃が全体攻撃となる騎士","effects":[{"code":44,"dataId":40,"value1":1,"value2":0}],"hitType":0,"iconIndex":67,"itypeId":1,"name":"クール","note":"<ncard:2,3,0,0,0,chant>　<TPcost:3>\n<CIPic:Actor2_1>　<cadd:0.9,0,5>\n<ctxt1:召喚>　<ccolor1:17>　<vcolor2:34>\n<isummon:7>","occasion":0,"price":3600,"repeats":1,"scope":11,"speed":100,"successRate":100,"tpGain":0},
{"id":20,"animationId":45,"consumable":true,"damage":{"critical":false,"elementId":0,"formula":"1","type":0,"variance":20},"description":"騎士\\i[69]スージーを\\c[17]召喚　　 \\i[87] \\c[27]レア：3　　\\i[76]\\c[24]コスト：3\\c[0]\n 通常攻撃が全体攻撃となる騎士","effects":[{"code":44,"dataId":40,"value1":1,"value2":0}],"hitType":0,"iconIndex":69,"itypeId":1,"name":"スージー","note":"<ncard:2,3,0,0,0,chant>　<TPcost:3>\n<CIPic:Actor2_8>　<cadd:0.9,-5,10>\n<ctxt1:召喚>　<ccolor1:17>　<vcolor2:34>\n<isummon:8>","occasion":0,"price":3600,"repeats":1,"scope":11,"speed":100,"successRate":100,"tpGain":0},
{"id":21,"animationId":45,"consumable":true,"damage":{"critical":false,"elementId":0,"formula":"1","type":0,"variance":20},"description":"術士\\i[71]ルシュを\\c[17]召喚　　　 \\i[87] \\c[27]レア：3　　\\i[76]\\c[24]コスト：1\\c[0]\n コスト1で術士を召喚できる","effects":[{"code":44,"dataId":36,"value1":1,"value2":0}],"hitType":0,"iconIndex":71,"itypeId":1,"name":"ルシュ","note":"<ncard:3,3,0,0,0,chant>　<TPcost:1>\n<CIPic:Actor1_5>　<cadd:0.9,-5,5>\n<ctxt1:召喚>　<ccolor1:17>　<vcolor2:34>\n<isummon:9>","occasion":0,"price":3600,"repeats":1,"scope":11,"speed":100,"successRate":100,"tpGain":0},
{"id":22,"animationId":45,"consumable":true,"damage":{"critical":false,"elementId":0,"formula":"1","type":0,"variance":20},"description":"術士\\i[64]ローズを\\c[17]召喚　　　 \\i[88] \\c[27]レア：2　　\\i[76]\\c[24]コスト：2\\c[0]\n 通常攻撃で魔法が使え技も多彩","effects":[{"code":44,"dataId":37,"value1":1,"value2":0}],"hitType":0,"iconIndex":64,"itypeId":1,"name":"ローズ","note":"<ncard:2,2,0,0,0,chant>　<TPcost:2>\n<CIPic:Actor3_6>　<cadd:1,0,10>\n<ctxt1:召喚>　<ccolor1:17>　<vcolor2:34>\n<isummon:10>","occasion":0,"price":780,"repeats":1,"scope":11,"speed":100,"successRate":100,"tpGain":0},
{"id":23,"animationId":45,"consumable":true,"damage":{"critical":false,"elementId":0,"formula":"1","type":0,"variance":20},"description":"術士\\i[67]レアンを\\c[17]召喚　　　 \\i[88] \\c[27]レア：2　　\\i[76]\\c[24]コスト：2\\c[0]\n 通常攻撃で魔法が使え技も多彩","effects":[{"code":44,"dataId":38,"value1":1,"value2":0}],"hitType":0,"iconIndex":67,"itypeId":1,"name":"レアン","note":"<ncard:2,2,0,0,0,chant>　<TPcost:2>\n<CIPic:Actor2_3>　<cadd:0.9,0,10>\n<ctxt1:召喚>　<ccolor1:17>　<vcolor2:34>\n<isummon:11>","occasion":0,"price":780,"repeats":1,"scope":11,"speed":100,"successRate":100,"tpGain":0},
{"id":24,"animationId":45,"consumable":true,"damage":{"critical":false,"elementId":0,"formula":"1","type":0,"variance":20},"description":"術士\\i[69]ミントを\\c[17]召喚　　　 \\i[88] \\c[27]レア：2　　\\i[76]\\c[24]コスト：2\\c[0]\n 通常攻撃で魔法が使え技も多彩","effects":[{"code":44,"dataId":39,"value1":1,"value2":0}],"hitType":0,"iconIndex":69,"itypeId":1,"name":"ミント","note":"<ncard:2,2,0,0,0,chant>　<TPcost:2>\n<CIPic:Actor1_8>　<cadd:0.9>\n<ctxt1:召喚>　<ccolor1:17>　<vcolor2:34>\n<isummon:12>","occasion":0,"price":780,"repeats":1,"scope":11,"speed":100,"successRate":100,"tpGain":0},
{"id":25,"animationId":45,"consumable":true,"damage":{"critical":false,"elementId":0,"formula":"1","type":0,"variance":20},"description":"盾士\\i[64]シルトを\\c[17]召喚　　　 \\i[88] \\c[27]レア：2　　\\i[76]\\c[24]コスト：2\\c[0]\n シールド技を持ち防御力が高い","effects":[{"code":44,"dataId":35,"value1":1,"value2":0}],"hitType":0,"iconIndex":64,"itypeId":1,"name":"シルト","note":"<ncard:2,2,0,0,0,chant>　<TPcost:2>\n<CIPic:Actor2_2>　<cadd:0.9,0,5>\n<ctxt1:召喚>　<ccolor1:17>　<vcolor2:34>\n<isummon:13>","occasion":0,"price":780,"repeats":1,"scope":11,"speed":100,"successRate":100,"tpGain":0},
{"id":26,"animationId":45,"consumable":true,"damage":{"critical":false,"elementId":0,"formula":"1","type":0,"variance":20},"description":"盾士\\i[67]ハードを\\c[17]召喚　　　 \\i[88] \\c[27]レア：2　　\\i[76]\\c[24]コスト：2\\c[0]\n シールド技を持ち防御力が高い","effects":[{"code":44,"dataId":35,"value1":1,"value2":0}],"hitType":0,"iconIndex":67,"itypeId":1,"name":"ハード","note":"<ncard:2,2,0,0,0,chant>　<TPcost:2>\n<CIPic:Actor3_7>　<cadd:0.9,-10>\n<ctxt1:召喚>　<ccolor1:17>　<vcolor2:34>\n<ccolor9:4>　 <isummon:14>","occasion":0,"price":780,"repeats":1,"scope":11,"speed":100,"successRate":100,"tpGain":0},
{"id":27,"animationId":45,"consumable":true,"damage":{"critical":false,"elementId":0,"formula":"1","type":0,"variance":20},"description":"盾士\\i[69]ガッツを\\c[17]召喚　　　 \\i[88] \\c[27]レア：2　　\\i[76]\\c[24]コスト：2\\c[0]\n シールド技を持ち防御力が高い","effects":[{"code":44,"dataId":35,"value1":1,"value2":0}],"hitType":0,"iconIndex":69,"itypeId":1,"name":"ガッツ","note":"<ncard:2,2,0,0,0,chant>　<TPcost:2>\n<CIPic:Actor2_5>　<cadd:0.9,-5>\n<ctxt1:召喚>　<ccolor1:17>　<vcolor2:34>\n<isummon:15>","occasion":0,"price":780,"repeats":1,"scope":11,"speed":100,"successRate":100,"tpGain":0},
{"id":28,"animationId":45,"consumable":true,"damage":{"critical":false,"elementId":0,"formula":"1","type":0,"variance":20},"description":"従士\\i[71]バーサリーを\\c[17]召喚　 \\i[88] \\c[27]レア：2　　\\i[76]\\c[24]コスト：0\\c[0]\n 能力低いが,コスト0で唯一召喚","effects":[{"code":44,"dataId":35,"value1":1,"value2":0}],"hitType":0,"iconIndex":71,"itypeId":1,"name":"バーサリー","note":"<ncard:3,2,0,0,0,chant>\n<CIPic:Actor2_6>　<cadd:0.9>\n<ctxt1:召喚>　<ccolor1:17>　<vcolor2:34>\n<isummon:16>","occasion":0,"price":780,"repeats":1,"scope":11,"speed":100,"successRate":100,"tpGain":0},
{"id":29,"animationId":45,"consumable":true,"damage":{"critical":false,"elementId":0,"formula":"1","type":0,"variance":20},"description":"従士\\i[64]ミシェルを\\c[17]召喚　　 \\i[89] \\c[27]レア：1　　\\i[76]\\c[24]コスト：1\\c[0]\n コスト1で召喚でき,序盤で活躍","effects":[{"code":44,"dataId":35,"value1":1,"value2":0}],"hitType":0,"iconIndex":64,"itypeId":1,"name":"ミシェル","note":"<ncard:2,1,0,0,0,chant>　<TPcost:1>\n<CIPic:Actor1_4>　<cadd:0.9>\n<ctxt1:召喚>　<ccolor1:17>　<vcolor2:34>\n<isummon:17>","occasion":0,"price":200,"repeats":1,"scope":11,"speed":100,"successRate":100,"tpGain":0},
{"id":30,"animationId":45,"consumable":true,"damage":{"critical":false,"elementId":0,"formula":"1","type":0,"variance":20},"description":"従士\\i[67]エリオットを\\c[17]召喚　 \\i[89] \\c[27]レア：1　　\\i[76]\\c[24]コスト：1\\c[0]\n コスト1で召喚でき,序盤で活躍","effects":[{"code":44,"dataId":35,"value1":1,"value2":0}],"hitType":0,"iconIndex":67,"itypeId":1,"name":"エリオット","note":"<ncard:2,1,0,0,0,chant>　<TPcost:1>\n<CIPic:Actor1_7>　<cadd:0.9>\n<ctxt1:召喚>　<ccolor1:17>　<vcolor2:34>\n<isummon:18>","occasion":0,"price":200,"repeats":1,"scope":11,"speed":100,"successRate":100,"tpGain":0},
{"id":31,"animationId":45,"consumable":true,"damage":{"critical":false,"elementId":0,"formula":"1","type":0,"variance":20},"description":"従士\\i[69]グレンを\\c[17]召喚　　　 \\i[89] \\c[27]レア：1　　\\i[76]\\c[24]コスト：1\\c[0]\n コスト1で召喚でき,序盤で活躍","effects":[{"code":44,"dataId":35,"value1":1,"value2":0}],"hitType":0,"iconIndex":69,"itypeId":1,"name":"グレン","note":"<ncard:2,1,0,0,0,chant>　<TPcost:1>\n<CIPic:Actor2_7>　<cadd:0.9,0,5>\n<ctxt1:召喚>　<ccolor1:17>　<vcolor2:34>\n<isummon:19>","occasion":0,"price":200,"repeats":1,"scope":11,"speed":100,"successRate":100,"tpGain":0},
{"id":32,"animationId":0,"consumable":true,"damage":{"critical":false,"elementId":0,"formula":"0","type":0,"variance":20},"description":"","effects":[],"hitType":0,"iconIndex":0,"itypeId":1,"name":"","note":"","occasion":0,"price":0,"repeats":1,"scope":7,"speed":0,"successRate":100,"tpGain":0},
{"id":33,"animationId":0,"consumable":true,"damage":{"critical":false,"elementId":0,"formula":"0","type":0,"variance":20},"description":"","effects":[],"hitType":0,"iconIndex":0,"itypeId":1,"name":"","note":"","occasion":0,"price":0,"repeats":1,"scope":7,"speed":0,"successRate":100,"tpGain":0},
{"id":34,"animationId":0,"consumable":true,"damage":{"critical":false,"elementId":0,"formula":"0","type":0,"variance":20},"description":"","effects":[],"hitType":0,"iconIndex":0,"itypeId":1,"name":"---召喚カード終---","note":"※（上級者向け情報）\n NLM_CardLayout.jsプラグインのパラメータ\n「アイテム･レイアウト」6-7行目のスクリプト\n で、レベル値表示を ID:14以上 かつ 34以下に\n 設定していますが、召喚カードを大きく増やす\n 際は、スクリプト内容を書き換えてください","occasion":0,"price":0,"repeats":1,"scope":7,"speed":0,"successRate":100,"tpGain":0},
{"id":35,"animationId":0,"consumable":true,"damage":{"critical":false,"elementId":0,"formula":"0","type":0,"variance":20},"description":"","effects":[],"hitType":0,"iconIndex":0,"itypeId":1,"name":"","note":"","occasion":0,"price":0,"repeats":1,"scope":7,"speed":0,"successRate":100,"tpGain":0},
{"id":36,"animationId":22,"consumable":true,"damage":{"critical":false,"elementId":1,"formula":"220 + a.mat - b.mdf","type":1,"variance":10},"description":"敵1体に無属性\\c[24]220\\c[0]ダメージ　\\i[70] \\c[27]レア：4　　\\i[76]\\c[24]コスト：5\\c[0]\n 捨札のナグルの数だけ威力\\c[17]倍乗　\\c[0]（220x2x2x...)","effects":[],"hitType":2,"iconIndex":77,"itypeId":1,"name":"ナグリマクル","note":"<ncard:3,4,0,0,0,thrust>　<TPcost:5>\n<CIPic:People4_8>　<cadd:0.9,-5>\n<ctxt1:220x?>　<vcolor2:34>\n<nxcond:disc,3,2,47>","occasion":0,"price":14600,"repeats":1,"scope":1,"speed":0,"successRate":100,"tpGain":0},
{"id":37,"animationId":70,"consumable":true,"damage":{"critical":false,"elementId":2,"formula":"300 + a.mat - b.mdf","type":1,"variance":10},"description":"敵1体に\\i[64]属性\\c[24]300\\c[0]ダメージ \\i[87] \\c[27]レア：3　　\\i[76]\\c[24]コスト：6\\c[0]\n \\i[64]カードが山札にあると1.4倍","effects":[],"hitType":2,"iconIndex":64,"itypeId":1,"name":"ラファイア","note":"<ncard:2,3,0,0,-1>　　　<TPcost:6>\n<CIPic:SF_Monster_8>　　<cadd:0.9>\n<ctxt1:300>　　<vcolor2:34>\n<nxcond:deck,2,1.4,18,22,25,29,37,41,44>","occasion":0,"price":3600,"repeats":1,"scope":1,"speed":0,"successRate":100,"tpGain":0},
{"id":38,"animationId":85,"consumable":true,"damage":{"critical":false,"elementId":3,"formula":"300 + a.mat - b.mdf","type":1,"variance":10},"description":"敵1体に\\i[67]属性\\c[24]300\\c[0]ダメージ \\i[87] \\c[27]レア：3　　\\i[76]\\c[24]コスト：6\\c[0]\n \\i[67]カードが捨札にあると1.4倍","effects":[],"hitType":2,"iconIndex":67,"itypeId":1,"name":"ラウォータ","note":"<ncard:2,3,0,0,-1>　　<TPcost:6>\n<CIPic:Evil_6>　　　　<cadd:0.9,0,5>\n<ctxt1:300>　　<vcolor2:34>\n<nxcond:disc,2,1.4,19,23,26,30,38,42,45>\n\n","occasion":0,"price":3600,"repeats":1,"scope":1,"speed":0,"successRate":100,"tpGain":0},
{"id":39,"animationId":95,"consumable":true,"damage":{"critical":false,"elementId":4,"formula":"300 + a.mat - b.mdf","type":1,"variance":10},"description":"敵1体に\\i[69]属性\\c[24]300\\c[0]ダメージ \\i[87] \\c[27]レア：3　　\\i[76]\\c[24]コスト：6\\c[0]\n \\i[69]カードが手札にあると1.4倍","effects":[],"hitType":2,"iconIndex":69,"itypeId":1,"name":"ラウィンド","note":"<ncard:2,3,0,0,-1>　　<TPcost:6>\n<CIPic:Nature_6>　　　<cadd:1,0,-5>\n<ctxt1:300>　　<vcolor2:34>\n<nxcond:hand,2,1.4,20,24,27,31,39,43,46>","occasion":0,"price":3600,"repeats":1,"scope":1,"speed":0,"successRate":100,"tpGain":0},
{"id":40,"animationId":105,"consumable":true,"damage":{"critical":false,"elementId":1,"formula":"300 + a.mat - b.mdf","type":1,"variance":10},"description":"敵全体に無属性\\c[24]300\\c[0]ダメージ \\i[88] \\c[27]レア：2　　\\i[76]\\c[24]コスト：7\\c[0]\n","effects":[],"hitType":2,"iconIndex":71,"itypeId":1,"name":"マジカルバースト","note":"<ncard:2,2,0,0,-1>　<TPcost:7>\n<CIPic:Actor1_6>　　<cadd:0.9>\n<ctxt1:全300>　<ccolor9:4>　<vcolor2:34>","occasion":0,"price":780,"repeats":1,"scope":2,"speed":0,"successRate":100,"tpGain":0},
{"id":41,"animationId":68,"consumable":true,"damage":{"critical":false,"elementId":2,"formula":"200 + a.mat - b.mdf","type":1,"variance":10},"description":"敵全体に\\i[64]属性\\c[24]200\\c[0]ダメージ\\i[88] \\c[27]レア：2　　\\i[76]\\c[24]コスト：5\\c[0]\n","effects":[],"hitType":2,"iconIndex":64,"itypeId":1,"name":"フレイム","note":"<ncard:2,2,3,0,-1>　　<TPcost:5>\n<CISve:Dragon>     　 <cadd:0.6>\n<ctxt1:全200>　<vcolor2:34>\n","occasion":0,"price":780,"repeats":1,"scope":2,"speed":0,"successRate":100,"tpGain":0},
{"id":42,"animationId":83,"consumable":true,"damage":{"critical":false,"elementId":3,"formula":"200 + a.mat - b.mdf","type":1,"variance":10},"description":"敵全体に\\i[67]属性\\c[24]200\\c[0]ダメージ\\i[88] \\c[27]レア：2　　\\i[76]\\c[24]コスト：5\\c[0]\n","effects":[],"hitType":2,"iconIndex":67,"itypeId":1,"name":"ウェーブ","note":"<ncard:2,2,3,0,-1>　　<TPcost:5>\n<CISve:Undine>　　　　<cadd:0.7,0,5>\n<ctxt1:全200>　<vcolor2:34>\n","occasion":0,"price":780,"repeats":1,"scope":2,"speed":0,"successRate":100,"tpGain":0},
{"id":43,"animationId":94,"consumable":true,"damage":{"critical":false,"elementId":4,"formula":"200 + a.mat - b.mdf","type":1,"variance":10},"description":"敵全体に\\i[69]属性\\c[24]200\\c[0]ダメージ\\i[88] \\c[27]レア：2　　\\i[76]\\c[24]コスト：5\\c[0]\n","effects":[],"hitType":2,"iconIndex":69,"itypeId":1,"name":"トルネード","note":"<ncard:2,2,3,0,-1>　　<TPcost:5>\n<CISve:Harpy>　 　　  <cadd:0.8>\n<ctxt1:全200>　<vcolor2:34>\n","occasion":0,"price":780,"repeats":1,"scope":2,"speed":0,"successRate":100,"tpGain":0},
{"id":44,"animationId":66,"consumable":true,"damage":{"critical":false,"elementId":2,"formula":"100 + a.mat - b.mdf","type":1,"variance":10},"description":"敵1体に\\i[64]属性\\c[24]100\\c[0]ダメージ \\i[89] \\c[27]レア：1　　\\i[76]\\c[24]コスト：2\\c[0]","effects":[],"hitType":2,"iconIndex":64,"itypeId":1,"name":"ファイア","note":"<ncard:2,1,0,0,-1>　<TPcost:2>\n<CICha:!Other2>　　<cadd:11,0,0.7>\n<ctxt1:100>　<vcolor2:34>","occasion":0,"price":200,"repeats":1,"scope":1,"speed":0,"successRate":100,"tpGain":0},
{"id":45,"animationId":81,"consumable":true,"damage":{"critical":false,"elementId":3,"formula":"100 + a.mat - b.mdf","type":1,"variance":10},"description":"敵1体に\\i[67]属性\\c[24]100\\c[0]ダメージ \\i[89] \\c[27]レア：1　　\\i[76]\\c[24]コスト：2\\c[0]","effects":[],"hitType":2,"iconIndex":67,"itypeId":1,"name":"ウォータ","note":"<ncard:2,1,0,0,-1>　<TPcost:2>\n<CICha:!Other2>　　<cadd:8,1,0.7,0,-10>\n<ctxt1:100>　<vcolor2:34>","occasion":0,"price":200,"repeats":1,"scope":1,"speed":0,"successRate":100,"tpGain":0},
{"id":46,"animationId":92,"consumable":true,"damage":{"critical":false,"elementId":4,"formula":"100 + a.mat - b.mdf","type":1,"variance":10},"description":"敵1体に\\i[69]属性\\c[24]100\\c[0]ダメージ \\i[89] \\c[27]レア：1　　\\i[76]\\c[24]コスト：2\\c[0]","effects":[],"hitType":2,"iconIndex":69,"itypeId":1,"name":"ウィンド","note":"<ncard:2,1,0,0,-1>　<TPcost:2>\n<CICha:!Other2>　　<cadd:8,4,1,0,30>\n<ctxt1:100>　<vcolor2:34>","occasion":0,"price":200,"repeats":1,"scope":1,"speed":0,"successRate":100,"tpGain":0},
{"id":47,"animationId":1,"consumable":true,"damage":{"critical":true,"elementId":1,"formula":"50 + a.atk - b.def","type":1,"variance":10},"description":"敵1体に物理\\c[24]50\\c[0]ﾀﾞﾒｰｼﾞ,\\i[76]\\c[24]+1 \\i[16] \\c[27]レア：0　　\\i[76]\\c[24]コスト：0\\c[0]\n 何枚でもデッキに入れられる","effects":[],"hitType":1,"iconIndex":77,"itypeId":1,"name":"ナグル","note":"<ncard:1,0,99,0,0,thrust>\n<CISva:Actor1_6>　　<cadd:5,0,0.6,10>\n<ctxt1:50>　<ccolor9:4>　<vcolor2:34>","occasion":0,"price":100,"repeats":1,"scope":1,"speed":80,"successRate":100,"tpGain":1},
{"id":48,"animationId":0,"consumable":true,"damage":{"critical":false,"elementId":0,"formula":"0","type":0,"variance":20},"description":"","effects":[],"hitType":0,"iconIndex":0,"itypeId":1,"name":"","note":"","occasion":0,"price":0,"repeats":1,"scope":7,"speed":0,"successRate":100,"tpGain":0},
{"id":49,"animationId":41,"consumable":true,"damage":{"critical":false,"elementId":0,"formula":"300 + a.mat","type":3,"variance":10},"description":"\\i[84]を全員\\c[14]＋300\\c[0]して場札へ  \\i[87] \\c[27]レア：3　　\\i[76]\\c[24]コスト：7\\c[0]\n\\c[17][手札か場札]\\c[0] 毎ﾀｰﾝ\\i[84]小回復　　2枚以上あっても効果は変わらず","effects":[{"code":44,"dataId":23,"value1":1,"value2":0}],"hitType":0,"iconIndex":259,"itypeId":1,"name":"Hチャージ","note":"<ncard:2,3>　　<TPcost:7>\n<CITil:Inside_C>　<cadd:4,4,1,1,0.5>\n<ctxt1:ﾁｬｰｼﾞ>　<ccolor1:0>　<vcolor2:34>\n<HandState:15>　<BoardState:15>","occasion":0,"price":3600,"repeats":1,"scope":8,"speed":300,"successRate":100,"tpGain":0},
{"id":50,"animationId":0,"consumable":true,"damage":{"critical":false,"elementId":0,"formula":"50","type":4,"variance":0},"description":"\\i[81]を全員\\c[23]＋50\\c[0]して場札へ　 \\i[87] \\c[27]レア：3　　\\i[76]\\c[24]コスト：7\\c[0]\n\\c[17][手札か場札]\\c[0] 毎ﾀｰﾝ\\i[81]半回復　　2枚以上あっても効果は変わらず","effects":[{"code":44,"dataId":23,"value1":1,"value2":0}],"hitType":0,"iconIndex":267,"itypeId":1,"name":"Sチャージ","note":"<ncard:2,3,0,0,0,guard>　　<TPcost:7>\n<CITil:Inside_C>　<cadd:11,1,1,1,0.6,0,-5>\n<ctxt1:ﾁｬｰｼﾞ>　<ccolor1:0>　<vcolor2:34>\n<HandState:16>　<BoardState:16>","occasion":0,"price":3600,"repeats":1,"scope":8,"speed":250,"successRate":100,"tpGain":0},
{"id":51,"animationId":123,"consumable":true,"damage":{"critical":false,"elementId":3,"formula":"100 + a.mat - b.mdf","type":0,"variance":10},"description":"\\i[76]を\\c[24]＋２\\c[0]して場札へ移動　 \\i[87] \\c[27]レア：3　　\\i[76]\\c[24]コスト：7\\c[0]\n\\c[17][手札か場札] \\c[0]毎ターン\\i[76]\\c[24]＋１\\c[0]　 2枚以上あっても効果は変わらず","effects":[{"code":13,"dataId":0,"value1":2,"value2":0},{"code":44,"dataId":23,"value1":1,"value2":0}],"hitType":0,"iconIndex":269,"itypeId":1,"name":"Tチャージ","note":"<ncard:2,3>　　<TPcost:7>\n<CITil:Inside_C>　<cadd:7,4,1,1,0.5>\n<ctxt1:ﾁｬｰｼﾞ>　<ccolor1:0>　<vcolor2:34>\n<HandState:17>　<BoardState:17>","occasion":0,"price":3600,"repeats":1,"scope":11,"speed":0,"successRate":100,"tpGain":0},
{"id":52,"animationId":0,"consumable":true,"damage":{"critical":false,"elementId":0,"formula":"0","type":0,"variance":20},"description":"","effects":[],"hitType":0,"iconIndex":0,"itypeId":1,"name":"","note":"","occasion":0,"price":0,"repeats":1,"scope":7,"speed":0,"successRate":100,"tpGain":0},
{"id":53,"animationId":47,"consumable":true,"damage":{"critical":false,"elementId":0,"formula":"0","type":0,"variance":20},"description":"山札の\\c[24]「毒」\\c[0]を\\c[17]全除去　　　\\i[70] \\c[27]レア：4　　\\i[76]\\c[24]コスト：4\\c[0]\n\\c[10][ﾄﾘｶﾞｰ] \\c[0]手札の\\c[24]「毒」\\c[0]を\\c[17]全除去","effects":[{"code":44,"dataId":31,"value1":1,"value2":0}],"hitType":0,"iconIndex":79,"itypeId":1,"name":"クリーン","note":"<ncard:3,4>　　　　<TPcost:4>\n<CIPic:People4_2>　<cadd:1,0,-3>\n<ctxt1:ﾄﾘｶﾞｰ>　<ccolor1:10>　<vcolor2:34>","occasion":0,"price":14600,"repeats":1,"scope":8,"speed":-1000,"successRate":100,"tpGain":0},
{"id":54,"animationId":123,"consumable":true,"damage":{"critical":true,"elementId":1,"formula":"a.atk * 4 - b.def * 2","type":0,"variance":10},"description":"\\i[76]を\\c[24]＋１\\c[0]する　　　　　　 \\i[70] \\c[27]レア：4　　\\i[76]\\c[24]コスト：0\\c[0]\n\\c[10][ﾄﾘｶﾞｰ]\\c[0] このﾀｰﾝ\\c[17]全攻撃力が上昇","effects":[{"code":13,"dataId":0,"value1":1,"value2":0}],"hitType":0,"iconIndex":42,"itypeId":1,"name":"ブースト","note":"<ncard:2,4>\n<CIPic:Actor3_4>　<cadd:0.9,-5>\n<ctxt1:ﾄﾘｶﾞｰ>　<ccolor1:10>　<vcolor2:34>","occasion":0,"price":14600,"repeats":1,"scope":11,"speed":0,"successRate":100,"tpGain":0},
{"id":55,"animationId":123,"consumable":true,"damage":{"critical":false,"elementId":0,"formula":"100 + a.mat","type":0,"variance":10},"description":"\\i[76]を\\c[24]＋２\\c[0]する　　　　　　 \\i[87] \\c[27]レア：3　　\\i[76]\\c[24]コスト：0\\c[0]\n\\c[10][ﾄﾘｶﾞｰ]\\c[0] このターン消費\\i[76]\\c[17]半減","effects":[{"code":13,"dataId":0,"value1":2,"value2":0}],"hitType":0,"iconIndex":80,"itypeId":1,"name":"セール","note":"<ncard:2,3>\n<CIPic:People3_4>\n<ctxt1:ﾄﾘｶﾞｰ>　<ccolor1:10>　<vcolor2:34>","occasion":0,"price":3600,"repeats":1,"scope":11,"speed":0,"successRate":100,"tpGain":0},
{"id":56,"animationId":0,"consumable":true,"damage":{"critical":false,"elementId":0,"formula":"100 + a.mat * 2 - b.mdf * 2","type":0,"variance":20},"description":"捨札から1枚選び手札へ戻す \\i[87] \\c[27]レア：3　　\\i[76]\\c[24]コスト：1\\c[0]\n\\c[10][ﾄﾘｶﾞｰ]\\c[0] もう１枚選んでドロー","effects":[{"code":44,"dataId":27,"value1":1,"value2":0}],"hitType":0,"iconIndex":75,"itypeId":1,"name":"ドロー","note":"<ncard:2,3>　　  　<TPcost:1>\n<CIPic:People3_1>　<cadd:0.9>\n<ctxt1:ﾄﾘｶﾞｰ>　<ccolor1:10>　<vcolor2:34>","occasion":0,"price":3600,"repeats":1,"scope":11,"speed":0,"successRate":100,"tpGain":0},
{"id":57,"animationId":0,"consumable":true,"damage":{"critical":false,"elementId":0,"formula":"50","type":4,"variance":0},"description":"味方1人の\\i[81]を\\c[23]＋50 \\c[0]する 　\\i[88] \\c[27]レア：2　　\\i[76]\\c[24]コスト：0\\c[0]\n\\c[10][ﾄﾘｶﾞｰ]\\c[0] 全員の\\i[81]を\\c[23]＋50 \\c[0]する","effects":[],"hitType":0,"iconIndex":81,"itypeId":1,"name":"シールド","note":"<ncard:2,2,0,0,0,guard>\n<CIPic:People3_8>　<cadd:0.9>\n<ctxt1:ﾄﾘｶﾞｰ>　<ccolor1:10>　<ccolor9:4>\n<vcolor2:34>","occasion":0,"price":780,"repeats":1,"scope":7,"speed":1000,"successRate":100,"tpGain":0},
{"id":58,"animationId":41,"consumable":true,"damage":{"critical":false,"elementId":0,"formula":"300 + a.mat","type":3,"variance":10},"description":"味方1人の\\i[84]を \\c[14]300 \\c[0]回復　 \\i[89] \\c[27]レア：1　　\\i[76]\\c[24]コスト：0\\c[0]\n\\c[10][ﾄﾘｶﾞｰ]\\c[0] 全員の\\i[84]を \\c[14]300 \\c[0]回復","effects":[],"hitType":0,"iconIndex":72,"itypeId":1,"name":"ヒール","note":"<ncard:2,1>\n<CIPic:People2_6>\n<ctxt1:ﾄﾘｶﾞｰ>　<ccolor1:10>　<ccolor9:4>\n<vcolor2:34>","occasion":0,"price":200,"repeats":1,"scope":7,"speed":300,"successRate":100,"tpGain":0},
{"id":59,"animationId":0,"consumable":true,"damage":{"critical":false,"elementId":0,"formula":"0","type":0,"variance":20},"description":"","effects":[],"hitType":0,"iconIndex":0,"itypeId":1,"name":"","note":"","occasion":0,"price":0,"repeats":1,"scope":7,"speed":0,"successRate":100,"tpGain":0},
{"id":60,"animationId":0,"consumable":true,"damage":{"critical":false,"elementId":0,"formula":"0","type":0,"variance":20},"description":"","effects":[],"hitType":0,"iconIndex":0,"itypeId":1,"name":"","note":"","occasion":0,"price":0,"repeats":1,"scope":7,"speed":0,"successRate":100,"tpGain":0},
{"id":61,"animationId":0,"consumable":true,"damage":{"critical":false,"elementId":0,"formula":"500","type":0,"variance":20},"description":"\\c[16][ｱｲﾃﾑ] \\i[84]\\c[0]を \\c[14]500 \\c[0]回復する \\i[89] \\c[27]レア：1\\c[0]\n　戦闘中は使用できない　　　　　使うとなくなる","effects":[{"code":11,"dataId":0,"value1":0,"value2":500}],"hitType":0,"iconIndex":176,"itypeId":2,"name":"ポーション","note":"<ncard:1,1> → 大事なものでもガチャ挿入可\n<CITil:Inside_C>　<cadd:4,12,1,1,0.8,0,15>\n\n ※「大事なもの」「隠しアイテム」を混在して\n　 設定可能です","occasion":2,"price":200,"repeats":1,"scope":8,"speed":0,"successRate":100,"tpGain":0},
{"id":62,"animationId":0,"consumable":true,"damage":{"critical":false,"elementId":0,"formula":"0","type":0,"variance":20},"description":"\\c[16][ｱｲﾃﾑ] \\c[0]一瞬で\\c[17]神殿へ帰還 　\\i[88] \\c[27]レア：2\\c[0]\n　戦闘中は使用できない　　　　　使うとなくなる","effects":[{"code":44,"dataId":45,"value1":1,"value2":0}],"hitType":0,"iconIndex":220,"itypeId":2,"name":"リターン","note":"<ncard:2,2> → 大事なものでもガチャ挿入可\n<CITil:Inside_C>　<cadd:3,11,1,1,0.8,0,-5>\n\n ※「大事なもの」「隠しアイテム」を混在して\n　 設定可能です","occasion":2,"price":780,"repeats":1,"scope":8,"speed":0,"successRate":100,"tpGain":0},
{"id":63,"animationId":0,"consumable":true,"damage":{"critical":false,"elementId":0,"formula":"0","type":0,"variance":20},"description":"\\c[16][ｱｲﾃﾑ] \\c[0]敵と遭遇しなくなる \\i[87] \\c[27]レア：3\\c[0]\n　迷宮から出ると効果がきれる　　使うとなくなる","effects":[{"code":21,"dataId":33,"value1":1,"value2":0}],"hitType":0,"iconIndex":205,"itypeId":2,"name":"魔除けの鈴","note":"<ncard:3,3> → 大事なものでもガチャ挿入可\n<CITil:Inside_C>　<cadd:1,15,1,1,1,0,-5>\n\n ※「大事なもの」「隠しアイテム」を混在して\n　 設定可能です","occasion":2,"price":3600,"repeats":1,"scope":8,"speed":0,"successRate":100,"tpGain":0},
{"id":64,"animationId":0,"consumable":false,"damage":{"critical":false,"elementId":0,"formula":"0","type":0,"variance":20},"description":"\\c[16][貴重品] \\c[0]光かがやく水晶\n　\\c[24]風の世界\\c[0]で入手","effects":[],"hitType":0,"iconIndex":303,"itypeId":2,"name":" 水晶","note":"<CITil:Dungeon_B>　　<cadd:5,6,1,2,0.5>\n\n ※「大事なもの」「隠しアイテム」を混在して\n　 設定可能です","occasion":2,"price":0,"repeats":1,"scope":0,"speed":0,"successRate":100,"tpGain":0},
{"id":65,"animationId":0,"consumable":false,"damage":{"critical":false,"elementId":0,"formula":"0","type":0,"variance":20},"description":"\\c[16][貴重品] \\c[0]澄んで清らかな水\n　\\c[23]水の世界\\c[0]で入手","effects":[],"hitType":0,"iconIndex":180,"itypeId":2,"name":"清らかな水","note":"<CITil:Inside_B>　　<cadd:9,11,1,1,0.5>\n\n ※「大事なもの」「隠しアイテム」を混在して\n　 設定可能です","occasion":2,"price":0,"repeats":1,"scope":0,"speed":0,"successRate":100,"tpGain":0},
{"id":66,"animationId":0,"consumable":false,"damage":{"critical":false,"elementId":0,"formula":"0","type":0,"variance":20},"description":"\\c[16][貴重品] \\c[0]風世界の息吹を感じる鉱石\n　\\c[24]風の世界\\c[0]で入手","effects":[],"hitType":0,"iconIndex":170,"itypeId":2,"name":"風のかけら","note":"※ 画像指定がない時はメイン画がアイコンに\n　なります","occasion":2,"price":0,"repeats":1,"scope":0,"speed":0,"successRate":100,"tpGain":0},
{"id":67,"animationId":0,"consumable":false,"damage":{"critical":false,"elementId":0,"formula":"0","type":0,"variance":20},"description":"\\c[16][貴重品] \\c[0]水世界の静寂を感じる鉱石\n　\\c[23]水の世界\\c[0]で入手","effects":[],"hitType":0,"iconIndex":171,"itypeId":2,"name":"水のかけら","note":"※ 画像指定がない時はメイン画がアイコンに\n　なります","occasion":2,"price":0,"repeats":1,"scope":0,"speed":0,"successRate":100,"tpGain":0},
{"id":68,"animationId":0,"consumable":false,"damage":{"critical":false,"elementId":0,"formula":"0","type":0,"variance":20},"description":"\\c[16][貴重品] \\c[0]火世界の熱さを感じる鉱石\n　\\c[10]火の世界\\c[0]で入手","effects":[],"hitType":0,"iconIndex":168,"itypeId":2,"name":"火のかけら","note":"※ 画像指定がない時はメイン画がアイコンに\n　なります","occasion":2,"price":0,"repeats":1,"scope":0,"speed":0,"successRate":100,"tpGain":0},
{"id":69,"animationId":0,"consumable":true,"damage":{"critical":false,"elementId":0,"formula":"0","type":0,"variance":20},"description":"","effects":[],"hitType":0,"iconIndex":0,"itypeId":1,"name":"","note":"","occasion":0,"price":0,"repeats":1,"scope":7,"speed":0,"successRate":100,"tpGain":0},
{"id":70,"animationId":0,"consumable":true,"damage":{"critical":false,"elementId":0,"formula":"0","type":0,"variance":20},"description":"","effects":[],"hitType":0,"iconIndex":0,"itypeId":1,"name":"","note":"","occasion":0,"price":0,"repeats":1,"scope":7,"speed":0,"successRate":100,"tpGain":0},
{"id":71,"animationId":0,"consumable":true,"damage":{"critical":false,"elementId":0,"formula":"0","type":0,"variance":20},"description":"","effects":[],"hitType":0,"iconIndex":0,"itypeId":1,"name":"","note":"","occasion":0,"price":0,"repeats":1,"scope":7,"speed":0,"successRate":100,"tpGain":0},
{"id":72,"animationId":0,"consumable":false,"damage":{"critical":false,"elementId":0,"formula":"0","type":0,"variance":20},"description":"\\c[16][貴重品] \\c[0]ゲームクリアの証明","effects":[],"hitType":0,"iconIndex":310,"itypeId":2,"name":"トロフィー","note":"<CITil:SF_Inside_C>　<cadd:9,10,1,2,0.6>\n\n ※「大事なもの」「隠しアイテム」を混在して\n　 設定可能です","occasion":2,"price":0,"repeats":1,"scope":0,"speed":0,"successRate":100,"tpGain":0},
{"id":73,"animationId":0,"consumable":false,"damage":{"critical":false,"elementId":0,"formula":"0","type":0,"variance":20},"description":"\\c[16][特殊] \\c[0]カードを鑑賞する\n　何回でも使用できる","effects":[{"code":44,"dataId":22,"value1":1,"value2":0}],"hitType":0,"iconIndex":3,"itypeId":2,"name":"カード鑑賞","note":"<CITil:SF_Inside_C>　<cadd:13,12,3,2,0.7>\n\n ※「大事なもの」「隠しアイテム」を混在して\n　 設定可能です","occasion":2,"price":0,"repeats":1,"scope":0,"speed":0,"successRate":100,"tpGain":0},
{"id":74,"animationId":0,"consumable":true,"damage":{"critical":false,"elementId":0,"formula":"0","type":0,"variance":20},"description":"","effects":[],"hitType":0,"iconIndex":0,"itypeId":1,"name":"","note":"","occasion":0,"price":0,"repeats":1,"scope":7,"speed":0,"successRate":100,"tpGain":0},
{"id":75,"animationId":0,"consumable":true,"damage":{"critical":false,"elementId":0,"formula":"0","type":0,"variance":20},"description":"","effects":[],"hitType":0,"iconIndex":0,"itypeId":1,"name":"","note":"","occasion":0,"price":0,"repeats":1,"scope":7,"speed":0,"successRate":100,"tpGain":0}
]