[
null,
{"id":1,"animationId":-1,"damage":{"critical":true,"elementId":-1,"formula":"a.atk - b.def + 50","type":1,"variance":10},"description":"","effects":[{"code":21,"dataId":0,"value1":1,"value2":0}],"hitType":1,"iconIndex":76,"message1":"%1 の 攻撃！","message2":"","mpCost":0,"name":"攻撃","note":"スキル1番は攻撃コマンドに対応します。","occasion":1,"repeats":1,"requiredWtypeId1":0,"requiredWtypeId2":0,"scope":1,"speed":0,"stypeId":0,"successRate":100,"tpCost":0,"tpGain":0,"messageType":1},
{"id":2,"animationId":0,"damage":{"critical":false,"elementId":0,"formula":"50","type":4,"variance":0},"description":"","effects":[],"hitType":0,"iconIndex":81,"message1":"%1 は 身を守っている","message2":"","mpCost":0,"name":"防御","note":"スキル2番は防御コマンドに対応します。\n\n「ターン終了」コマンドとして利用が効果的。\nサンプルでは 防御ステート を外してあります","occasion":1,"repeats":1,"requiredWtypeId1":0,"requiredWtypeId2":0,"scope":11,"speed":1500,"stypeId":0,"successRate":100,"tpCost":0,"tpGain":0,"messageType":1},
{"id":3,"animationId":0,"damage":{"critical":false,"elementId":0,"formula":"0","type":0,"variance":20},"description":"","effects":[],"hitType":0,"iconIndex":0,"message1":"","message2":"","messageType":1,"mpCost":0,"name":"","note":"","occasion":0,"repeats":1,"requiredWtypeId1":0,"requiredWtypeId2":0,"scope":1,"speed":0,"stypeId":1,"successRate":100,"tpCost":0,"tpGain":0},
{"id":4,"animationId":0,"damage":{"critical":false,"elementId":0,"formula":"0","type":0,"variance":20},"description":"","effects":[],"hitType":0,"iconIndex":0,"message1":"","message2":"","messageType":1,"mpCost":0,"name":"","note":"","occasion":0,"repeats":1,"requiredWtypeId1":0,"requiredWtypeId2":0,"scope":1,"speed":0,"stypeId":1,"successRate":100,"tpCost":0,"tpGain":0},
{"id":5,"animationId":0,"damage":{"critical":false,"elementId":0,"formula":"0","type":0,"variance":20},"description":"","effects":[],"hitType":0,"iconIndex":0,"message1":"","message2":"","mpCost":0,"name":"-----説明","note":"","occasion":0,"repeats":1,"requiredWtypeId1":0,"requiredWtypeId2":0,"scope":1,"speed":0,"stypeId":0,"successRate":100,"tpCost":0,"tpGain":0,"messageType":1},
{"id":6,"animationId":0,"damage":{"critical":false,"elementId":0,"formula":"0","type":0,"variance":20},"description":"<nskill:配列> :カード情報(配列は3項目でカンマで区切る)\n　　省略してもよい","effects":[],"hitType":0,"iconIndex":0,"message1":"","message2":"","messageType":1,"mpCost":0,"name":"【メモ欄の書き方1】","note":"<nskill:配列>　（省略可）\n1番目：コモンイベントID（使用直前に実行）\n2番目：武器タイプ　（サイドビュー時のみ)\n3番目：モーション　（サイドビュー時のみ）\n　(例)　<nskill:24>\n　　　　<nskill:0,0,evade>\n(補足)\n 1番目を省略・ゼロにしても直前共通イベントは呼ばれない（個々指定のみ）\n 　※ 設定する場合は敵が使用してもコモンイベントが呼ばれる点に注意\n 　※「戦闘行動の強制」及びマップ上では直前イベントは実行されません\n 2番目を省略で ID:1(攻撃)は -1 (装備武器)、それ以外は 0 (素手)となる\n 3番目は2番目が 0（素手）のとき有効で\n　 walk,wait,chant,guard,damage,evade,thrust,swing,missile,skill,spell,item,\n　 escape,victory,dying,abnormal,sleep,dead が使用可能（省略時skillかspell)\n スキルでもアイテム同様 <nxcond> <MPpenetrate> が利用可能です","occasion":0,"repeats":1,"requiredWtypeId1":0,"requiredWtypeId2":0,"scope":1,"speed":0,"stypeId":1,"successRate":100,"tpCost":0,"tpGain":0},
{"id":7,"animationId":0,"damage":{"critical":false,"elementId":0,"formula":"0","type":0,"variance":20},"description":"<CSPic:ファイル名> など ：画像ファイル指定(.png不要)\n<cadd:配列>　　　　　　 ：画像補足情報（省略可）","effects":[],"hitType":0,"iconIndex":0,"message1":"","message2":"","mpCost":0,"name":"【メモ欄の書き方2】","note":"picturesフォルダ　 <CSPic:ファイル名> <cadd:倍率,X補正,Y補正>\nenemiesフォルダ　  <CSEne:ファイル名> <cadd:倍率,X補正,Y補正>\nsv_enemiesフォルダ <CSSve:ファイル名> <cadd:倍率,X補正,Y補正>\ncharactersフォルダ <CSCha:ファイル名> <cadd:X座標,Y座標,倍率,X補正,Y補正>\nfacesフォルダ　　  <CSFac:ファイル名> <cadd:X座標,Y座標,倍率,X補正,Y補正>\nsv_actorsフォルダ  <CSSva:ファイル名> <cadd:X座標,Y座標,倍率,X補正,Y補正>\nsystemフォルダ　　 <CSSys:ファイル名> <cadd:X座標,Y座標,倍率,X補正,Y補正>\n　　　　　　　　　 <CSSys:IconSet>    <cadd:アイコンID, 倍率,X補正,Y補正>\n　→ Baloon, States, Weapons1-3, IconSetのみ対応\nanimationsフォルダ <CSAni:ファイル名> <cadd:X座標,Y座標,倍率,X補正,Y補正>\n　→ imgフォルダ下にanimationsフォルダを作成後、MV規格アニメ素材を入れた場合のみ\ntilesetsフォルダ　 <CSTil:ファイル名> <cadd:X座標,Y座標,X連結数,Y連結数,倍率,X補正,Y補正>\n\n(例)\n　<CSEne:Goblin>　 <cadd:1.2, 0, -10>\n　<CSCha:Actor1>   <cadd:10,4>\n　<CSSys:IconSet>  <cadd:64, 0.6>\n　<CSTil:Inside_B> <cadd:13,9,3,2>\n\n(補足)\n <cadd:>省略時は、倍率と連結数は 1、その他の値は 0 になる\n X,Y座標は 0 から数えはじめる、連結数はX,Y軸上で連続するタイル数\n　　複数画像が並ぶ例　①②③④　　  ③は 　X座標2、Y座標0　と数える\n　　　　　　　　　　　⑤⑥⑦⑧　　  ⑥⑦は X座標1、Y座標1、X連結数2、Y連結数1 と数える\n 大文字・小文字が識別されるので入力間違いに注意！","occasion":0,"repeats":1,"requiredWtypeId1":0,"requiredWtypeId2":0,"scope":1,"speed":0,"stypeId":1,"successRate":100,"tpCost":0,"tpGain":0,"messageType":1},
{"id":8,"animationId":0,"damage":{"critical":false,"elementId":0,"formula":"0","type":0,"variance":20},"description":"レイアウトの個別置換・消去（レイヤー番号(1-3),メモ置換\n番号(1-9)はNLM_CardLayoutMZ.js内での指定と一致させる）","effects":[],"hitType":0,"iconIndex":0,"message1":"","message2":"","messageType":1,"mpCost":0,"name":"【メモ欄の書き方3】","note":"<LSPicレイヤー番号:ファイル名>　：　レイヤーを指定画像に置換\n　例)　<LSPic2:Actor1_2>　　　　　 （レイヤーはpicturesフォルダのみ指定可)\n<ctxtメモ置換番号:文章>　　　　 ：　自由文字を記述文章に置換\n　例)　<ctxt6:デッキ計\\v[31]枚>　　　　　（名前・説明文は置換不可）\n<ccolorメモ置換番号:色番号>　　 ：　文字・数値・図形の色1を変更(色番号:0-32)\n　例)　<ccolor4:17>　　　  　 　　　　　 （色2は変更不可）\n<vcolorメモ置換番号:変数ID>　　 ：　指定した変数値が色1の色番号と置換\n　例)　<vcolor3:41>\n<NoLayout:レイアウト番号をカンマで区切って羅列>　：　羅列したレイアウト番号の描画が消去される\n　例)　<NoLayout:2,3,5>　　　　　　　　　　　　　　　（レイアウト番号はレイアウト項目の上からの順番)","occasion":0,"repeats":1,"requiredWtypeId1":0,"requiredWtypeId2":0,"scope":1,"speed":0,"stypeId":1,"successRate":100,"tpCost":0,"tpGain":0},
{"id":9,"animationId":0,"damage":{"critical":false,"elementId":0,"formula":"0","type":0,"variance":20},"description":"その他\n （NLM_CardGameMZ.js関連）","effects":[],"hitType":0,"iconIndex":0,"message1":"","message2":"","messageType":1,"mpCost":0,"name":"【メモ欄の書き方4】","note":"<MPpenetrate>　　：　　MPシールドを無視して、HPのみにダメージを与える\n\n<nxcond:対象,条件,倍率, 対象IDをカンマで区切って羅列>\n　→ 使用時点で対象の条件を満たすと計算式ダメージが倍率分になり、パラメータ\n  　指定のダメージ倍率％変数に100倍値が入る(使用直前コモンイベントで取得可)\n\n　対象：　deck　 ：　山札　　　　　　　　　　条件：　1　：　すべて存在\n　　　　　disc　 ：　捨札　　　　　　　　　　　　　　2　：　どれか存在\n　　　　　board　：　場札　　　　　　　　　　　　　　3　：　存在数だけ倍率累乗\n　　　　　hand　 ：　手札(使用カードは条件に含めず)\n　　　　　skill　：　使用者の習得スキル\n　　　　　class　：　職業（使用者も所持すること)\n　　　　　member ：　戦闘メンバー(使用者含め)(IDはアクターID）\n　 (例)\n　　　<nxcond:hand,1,2,21,22,23>　（手札にID:21,22,23がすべて存在で2倍）\n　　　<nxcond:disc,3,1.2,21,22>　 （捨札のID:21,22の総枚数をnとして1.2^n倍）\n　　　<nxcond:skill,2,3,5,6,7>　　（使用者がスキルID:5,6,7のどれか習得で3倍)\n　　　<nxcond:class,2,1.5,2,3,5>　（使用者が職業ID:2,3,5のどれかなら1.5倍）\n　　　<nxcond:member,1,5,1,3,4>　 （使用者含め戦闘メンバーがID:1,3,4なら5倍)","occasion":0,"repeats":1,"requiredWtypeId1":0,"requiredWtypeId2":0,"scope":1,"speed":0,"stypeId":1,"successRate":100,"tpCost":0,"tpGain":0},
{"id":10,"animationId":0,"damage":{"critical":false,"elementId":0,"formula":"0","type":0,"variance":20},"description":"","effects":[],"hitType":0,"iconIndex":0,"message1":"","message2":"","messageType":1,"mpCost":0,"name":"","note":"","occasion":0,"repeats":1,"requiredWtypeId1":0,"requiredWtypeId2":0,"scope":1,"speed":0,"stypeId":1,"successRate":100,"tpCost":0,"tpGain":0},
{"id":11,"animationId":0,"damage":{"critical":false,"elementId":0,"formula":"0","type":0,"variance":20},"description":"","effects":[],"hitType":0,"iconIndex":0,"message1":"","message2":"","mpCost":0,"name":"-----エネミー用","note":"","occasion":0,"repeats":1,"requiredWtypeId1":0,"requiredWtypeId2":0,"scope":1,"speed":0,"stypeId":1,"successRate":100,"tpCost":0,"tpGain":0,"messageType":1},
{"id":12,"animationId":1,"damage":{"critical":false,"elementId":-1,"formula":"a.atk - b.def + 50","type":1,"variance":10},"description":"敵単体にダメージを与える。","effects":[{"code":21,"dataId":0,"value1":1,"value2":0}],"hitType":1,"iconIndex":77,"message1":"%1 の 攻撃！","message2":"","mpCost":0,"name":"打攻撃","note":"敵の通常攻撃用","occasion":1,"repeats":1,"requiredWtypeId1":0,"requiredWtypeId2":0,"scope":1,"speed":0,"stypeId":0,"successRate":100,"tpCost":0,"tpGain":0,"messageType":1},
{"id":13,"animationId":6,"damage":{"critical":false,"elementId":-1,"formula":"a.atk - b.def + 50","type":1,"variance":10},"description":"敵単体にダメージを与える。","effects":[{"code":21,"dataId":0,"value1":1,"value2":0}],"hitType":1,"iconIndex":76,"message1":"%1 の 攻撃！","message2":"","mpCost":0,"name":"切攻撃","note":"敵の通常攻撃用","occasion":1,"repeats":1,"requiredWtypeId1":0,"requiredWtypeId2":0,"scope":1,"speed":0,"stypeId":0,"successRate":100,"tpCost":0,"tpGain":0,"messageType":1},
{"id":14,"animationId":11,"damage":{"critical":false,"elementId":-1,"formula":"a.atk - b.def + 50","type":1,"variance":10},"description":"敵単体にダメージを与える。","effects":[{"code":21,"dataId":0,"value1":1,"value2":0}],"hitType":1,"iconIndex":107,"message1":"%1 の 攻撃！","message2":"","mpCost":0,"name":"突攻撃x2","note":"敵の通常攻撃用","occasion":1,"repeats":1,"requiredWtypeId1":0,"requiredWtypeId2":0,"scope":4,"speed":0,"stypeId":0,"successRate":100,"tpCost":0,"tpGain":0,"messageType":1},
{"id":15,"animationId":16,"damage":{"critical":false,"elementId":-1,"formula":"a.atk - b.def + 50","type":1,"variance":10},"description":"敵単体にダメージを与える。","effects":[{"code":21,"dataId":0,"value1":1,"value2":0}],"hitType":1,"iconIndex":105,"message1":"%1 の 攻撃！","message2":"","mpCost":0,"name":"ひっかく","note":"敵の通常攻撃用","occasion":1,"repeats":1,"requiredWtypeId1":0,"requiredWtypeId2":0,"scope":1,"speed":0,"stypeId":0,"successRate":100,"tpCost":0,"tpGain":0,"messageType":1},
{"id":16,"animationId":0,"damage":{"critical":false,"elementId":0,"formula":"0","type":0,"variance":20},"description":"様子を見る。","effects":[],"hitType":0,"iconIndex":81,"message1":"%1 は 様子を見ている...","message2":"","mpCost":0,"name":"様子を見る","note":"","occasion":1,"repeats":1,"requiredWtypeId1":0,"requiredWtypeId2":0,"scope":0,"speed":0,"stypeId":0,"successRate":100,"tpCost":0,"tpGain":0,"messageType":1},
{"id":17,"animationId":53,"damage":{"critical":false,"elementId":0,"formula":"50","type":4,"variance":0},"description":"","effects":[],"hitType":0,"iconIndex":81,"message1":"%1 は 身を守っている","message2":"","mpCost":0,"name":"敵防御","note":"敵の防御用","occasion":1,"repeats":1,"requiredWtypeId1":0,"requiredWtypeId2":0,"scope":11,"speed":1200,"stypeId":0,"successRate":100,"tpCost":0,"tpGain":0,"messageType":1},
{"id":18,"animationId":0,"damage":{"critical":false,"elementId":0,"formula":"0","type":0,"variance":20},"description":"","effects":[],"hitType":0,"iconIndex":0,"message1":"","message2":"","messageType":1,"mpCost":0,"name":"","note":"","occasion":0,"repeats":1,"requiredWtypeId1":0,"requiredWtypeId2":0,"scope":1,"speed":0,"stypeId":1,"successRate":100,"tpCost":0,"tpGain":0},
{"id":19,"animationId":56,"damage":{"critical":false,"elementId":0,"formula":"0","type":0,"variance":20},"description":"","effects":[{"code":44,"dataId":29,"value1":1,"value2":0}],"hitType":0,"iconIndex":75,"message1":"%1 は \\c[17]%2 \\c[0]を唱えた！","message2":"手札から \\c[17]捨札へ強制移動！","mpCost":0,"name":"カドステ","note":"手札をランダムで1枚捨札へ送る敵スキル","occasion":1,"repeats":1,"requiredWtypeId1":0,"requiredWtypeId2":0,"scope":2,"speed":-2000,"stypeId":0,"successRate":100,"tpCost":0,"tpGain":0,"messageType":1},
{"id":20,"animationId":27,"damage":{"critical":false,"elementId":0,"formula":"0","type":0,"variance":20},"description":"","effects":[{"code":44,"dataId":30,"value1":1,"value2":0}],"hitType":0,"iconIndex":2,"message1":"%1 は \\c[18]毒カード \\c[0]を 山札に 差し込んだ！","message2":"","mpCost":0,"name":"毒針","note":"毒カードを山札へ差し入れる敵スキル","occasion":1,"repeats":1,"requiredWtypeId1":0,"requiredWtypeId2":0,"scope":2,"speed":-600,"stypeId":0,"successRate":100,"tpCost":0,"tpGain":0,"messageType":1},
{"id":21,"animationId":68,"damage":{"critical":false,"elementId":2,"formula":"a.mat - b.mdf + 90","type":1,"variance":10},"description":"敵全体に\\i[64]属性\\c[24]90\\c[0]程度のダメージを与える　　\\i[76]\\c[24]コスト：6\\c[0]","effects":[],"hitType":2,"iconIndex":64,"message1":"%1 は %2 を 放った！","message2":"","mpCost":0,"name":"フレイム","note":"敵全体攻撃用","occasion":1,"repeats":1,"requiredWtypeId1":0,"requiredWtypeId2":0,"scope":2,"speed":-100,"stypeId":1,"successRate":100,"tpCost":0,"tpGain":0,"messageType":1},
{"id":22,"animationId":41,"damage":{"critical":false,"elementId":0,"formula":"200 + a.mat","type":3,"variance":10},"description":"味方1人の\\i[84]を \\c[14]200 \\c[0]程度回復する　　\\i[76]\\c[24]コスト：2\\c[0]\n　戦闘中でのみ使用できる","effects":[],"hitType":0,"iconIndex":72,"message1":"%1 は %2 を 唱えた！","message2":"","mpCost":0,"name":"ヒール","note":"敵回復用","occasion":1,"repeats":1,"requiredWtypeId1":0,"requiredWtypeId2":0,"scope":7,"speed":100,"stypeId":1,"successRate":100,"tpCost":0,"tpGain":0,"messageType":1},
{"id":23,"animationId":42,"damage":{"critical":false,"elementId":0,"formula":"70","type":4,"variance":0},"description":"","effects":[{"code":44,"dataId":42,"value1":1,"value2":0}],"hitType":0,"iconIndex":79,"message1":"%1 は %2 を 使った！","message2":"自分の\\c[17]属性を変化\\c[0]させた！","messageType":1,"mpCost":0,"name":"バリアチェンジ","note":"属性を変える不死王用スキル","occasion":1,"repeats":1,"requiredWtypeId1":0,"requiredWtypeId2":0,"scope":11,"speed":0,"stypeId":0,"successRate":100,"tpCost":0,"tpGain":0},
{"id":24,"animationId":0,"damage":{"critical":false,"elementId":0,"formula":"0","type":0,"variance":20},"description":"","effects":[],"hitType":0,"iconIndex":0,"message1":"","message2":"","messageType":1,"mpCost":0,"name":"","note":"","occasion":0,"repeats":1,"requiredWtypeId1":0,"requiredWtypeId2":0,"scope":1,"speed":0,"stypeId":1,"successRate":100,"tpCost":0,"tpGain":0},
{"id":25,"animationId":0,"damage":{"critical":false,"elementId":0,"formula":"0","type":0,"variance":20},"description":"","effects":[],"hitType":0,"iconIndex":0,"message1":"","message2":"","messageType":1,"mpCost":0,"name":"","note":"","occasion":0,"repeats":1,"requiredWtypeId1":0,"requiredWtypeId2":0,"scope":1,"speed":0,"stypeId":1,"successRate":100,"tpCost":0,"tpGain":0},
{"id":26,"animationId":0,"damage":{"critical":false,"elementId":0,"formula":"0","type":0,"variance":20},"description":"","effects":[],"hitType":0,"iconIndex":0,"message1":"","message2":"","mpCost":0,"name":"-----サンプル用","note":"","occasion":0,"repeats":1,"requiredWtypeId1":0,"requiredWtypeId2":0,"scope":1,"speed":0,"stypeId":0,"successRate":100,"tpCost":0,"tpGain":0,"messageType":1},
{"id":27,"animationId":101,"damage":{"critical":false,"elementId":1,"formula":"75 + a.mat - b.mdf","type":1,"variance":10},"description":"敵1体に無属性\\c[24]75\\c[0]程度のダメージを与える\n　カードを使わずに攻撃ができる","effects":[],"hitType":2,"iconIndex":71,"message1":"%1 は %2 を 唱えた！","message2":"","messageType":1,"mpCost":0,"name":"プチショット","note":"<nskill:0,-1>\n→直前イベントID、武器タイプ(-1は装備武器)","occasion":1,"repeats":1,"requiredWtypeId1":0,"requiredWtypeId2":0,"scope":1,"speed":0,"stypeId":1,"successRate":100,"tpCost":0,"tpGain":0},
{"id":28,"animationId":66,"damage":{"critical":false,"elementId":2,"formula":"75 + a.mat - b.mdf","type":1,"variance":10},"description":"敵単体に炎属性のダメージを与える","effects":[],"hitType":2,"iconIndex":64,"message1":"%1 は %2 を 唱えた！","message2":"","mpCost":0,"name":"プチファイア","note":"<nskill:0,-1>","occasion":1,"repeats":1,"requiredWtypeId1":0,"requiredWtypeId2":0,"scope":1,"speed":0,"stypeId":1,"successRate":100,"tpCost":0,"tpGain":0,"messageType":1},
{"id":29,"animationId":81,"damage":{"critical":false,"elementId":3,"formula":"75 + a.mat - b.mdf","type":1,"variance":10},"description":"敵単体に水属性のダメージを与える","effects":[],"hitType":2,"iconIndex":67,"message1":"%1 は %2 を 唱えた！","message2":"","mpCost":0,"name":"プチウォータ","note":"<nskill:0,-1>","occasion":1,"repeats":1,"requiredWtypeId1":0,"requiredWtypeId2":0,"scope":1,"speed":0,"stypeId":1,"successRate":100,"tpCost":0,"tpGain":0,"messageType":1},
{"id":30,"animationId":92,"damage":{"critical":false,"elementId":4,"formula":"75 + a.mat - b.mdf","type":1,"variance":10},"description":"敵単体に風属性のダメージを与える","effects":[],"hitType":2,"iconIndex":69,"message1":"%1 は %2 を 唱えた！","message2":"","mpCost":0,"name":"プチウィンド","note":"<nskill:0,-1>","occasion":1,"repeats":1,"requiredWtypeId1":0,"requiredWtypeId2":0,"scope":1,"speed":0,"stypeId":0,"successRate":100,"tpCost":0,"tpGain":0,"messageType":1},
{"id":31,"animationId":6,"damage":{"critical":true,"elementId":-1,"formula":"75 + a.atk - b.def","type":1,"variance":10},"description":"敵全体に物理属性のダメージを与える","effects":[{"code":21,"dataId":0,"value1":1,"value2":0}],"hitType":1,"iconIndex":6,"message1":"%1 は %2 を 使った！","message2":"","messageType":1,"mpCost":0,"name":"プチスピン","note":"<nskill:0,-1>","occasion":1,"repeats":1,"requiredWtypeId1":0,"requiredWtypeId2":0,"scope":2,"speed":0,"stypeId":1,"successRate":100,"tpCost":0,"tpGain":0},
{"id":32,"animationId":104,"damage":{"critical":false,"elementId":1,"formula":"75 + a.mat - b.mdf","type":1,"variance":10},"description":"敵全体に無属性\\c[24]75\\c[0]程度のダメージを与える\n　カードを使わずに攻撃ができる","effects":[],"hitType":2,"iconIndex":71,"message1":"%1 は %2 を 唱えた！","message2":"","messageType":1,"mpCost":0,"name":"プチシャワー","note":"<nskill:0,-1>","occasion":1,"repeats":1,"requiredWtypeId1":0,"requiredWtypeId2":0,"scope":2,"speed":0,"stypeId":1,"successRate":100,"tpCost":0,"tpGain":0},
{"id":33,"animationId":0,"damage":{"critical":false,"elementId":0,"formula":"0","type":0,"variance":20},"description":"","effects":[],"hitType":0,"iconIndex":0,"message1":"","message2":"","messageType":1,"mpCost":0,"name":"","note":"","occasion":0,"repeats":1,"requiredWtypeId1":0,"requiredWtypeId2":0,"scope":1,"speed":0,"stypeId":1,"successRate":100,"tpCost":0,"tpGain":0},
{"id":34,"animationId":101,"damage":{"critical":false,"elementId":1,"formula":"100 + a.mat - b.mdf","type":1,"variance":10},"description":"敵1体に無属性\\c[24]100\\c[0]程度のダメージを与える　　　　 \\i[76]\\c[24]コスト：2\\c[0]\n　カードを使わずに攻撃ができる","effects":[],"hitType":2,"iconIndex":71,"message1":"%1 は %2 を 唱えた！","message2":"","messageType":1,"mpCost":0,"name":"マジカルショット","note":"<nskill:0,-1>\n<ctxt1:100>　←メモ置換番号1の自由文字\n<vcolor2:34> ←メモ置換番号2の色1(変数置換)\n","occasion":1,"repeats":1,"requiredWtypeId1":0,"requiredWtypeId2":0,"scope":1,"speed":0,"stypeId":1,"successRate":100,"tpCost":2,"tpGain":0},
{"id":35,"animationId":41,"damage":{"critical":false,"elementId":0,"formula":"300 + a.mat","type":3,"variance":10},"description":"味方1人の\\i[84]を \\c[14]300 \\c[0]程度回復する　　　　　　　　\\i[76]\\c[24]コスト：2\\c[0]\n　戦闘中でのみ使用できる","effects":[],"hitType":0,"iconIndex":72,"message1":"%1 は %2 を 唱えた！","message2":"","mpCost":0,"name":"ヒール","note":"<ctxt1:300>　<ccolor1:14>　<vcolor2:34>\n","occasion":1,"repeats":1,"requiredWtypeId1":0,"requiredWtypeId2":0,"scope":7,"speed":300,"stypeId":1,"successRate":100,"tpCost":2,"tpGain":0,"messageType":1},
{"id":36,"animationId":7,"damage":{"critical":true,"elementId":-1,"formula":"a.atk - b.def + 100","type":1,"variance":10},"description":"敵1体に対して、物理\\c[24]100\\c[0]ダメージ程度与える　　　 \\i[76]\\c[24]コスト：2\\c[0]\n　自身や敵の属性によってダメージが変動","effects":[{"code":21,"dataId":0,"value1":1,"value2":0}],"hitType":1,"iconIndex":77,"message1":"%1 は %2 を 放った！","message2":"","mpCost":0,"name":"強撃","note":"<nskill:0,-1>　<ctxt1:100>　<vcolor2:34>\n","occasion":1,"repeats":1,"requiredWtypeId1":0,"requiredWtypeId2":0,"scope":1,"speed":0,"stypeId":1,"successRate":100,"tpCost":2,"tpGain":0,"messageType":1},
{"id":37,"animationId":0,"damage":{"critical":false,"elementId":0,"formula":"0","type":0,"variance":20},"description":"","effects":[],"hitType":0,"iconIndex":0,"message1":"","message2":"","messageType":1,"mpCost":0,"name":"","note":"","occasion":0,"repeats":1,"requiredWtypeId1":0,"requiredWtypeId2":0,"scope":1,"speed":0,"stypeId":1,"successRate":100,"tpCost":0,"tpGain":0},
{"id":38,"animationId":12,"damage":{"critical":true,"elementId":-1,"formula":"b.mp + a.atk - b.def + 100","type":1,"variance":10},"description":"敵1体の\\i[81]を\\c[17]破壊\\c[0]して 物理\\c[24]100\\c[0]ダメージ程度与える \\i[76]\\c[24]コスト：3\\c[0]\n","effects":[{"code":21,"dataId":0,"value1":1,"value2":0}],"hitType":1,"iconIndex":78,"message1":"%1 は %2 を 使った！","message2":"","mpCost":0,"name":"ペネトレイト","note":"<nskill:0,-1>　<ctxt1:貫100>　<vcolor2:34>\n","occasion":1,"repeats":1,"requiredWtypeId1":0,"requiredWtypeId2":0,"scope":1,"speed":100,"stypeId":1,"successRate":100,"tpCost":3,"tpGain":0,"messageType":1},
{"id":39,"animationId":122,"damage":{"critical":false,"elementId":0,"formula":"50","type":4,"variance":0},"description":"味方全員の\\i[81]を\\c[23]＋50\\c[0]する 　　　　　　　　　　　 \\i[76]\\c[24]コスト：3\\c[0]\n　カードを使わずに全員防御できるが、コストを消費","effects":[],"hitType":0,"iconIndex":81,"message1":"%1 は %2 を 使った！","message2":"","mpCost":0,"name":"オールシールド","note":"<nskill:0,0,guard>　　<vcolor2:34>\n","occasion":1,"repeats":1,"requiredWtypeId1":0,"requiredWtypeId2":0,"scope":8,"speed":250,"stypeId":1,"successRate":100,"tpCost":3,"tpGain":0,"messageType":1},
{"id":40,"animationId":0,"damage":{"critical":false,"elementId":0,"formula":"0","type":0,"variance":20},"description":"","effects":[],"hitType":0,"iconIndex":0,"message1":"","message2":"","messageType":1,"mpCost":0,"name":"","note":"","occasion":0,"repeats":1,"requiredWtypeId1":0,"requiredWtypeId2":0,"scope":1,"speed":0,"stypeId":1,"successRate":100,"tpCost":0,"tpGain":0},
{"id":41,"animationId":9,"damage":{"critical":true,"elementId":-1,"formula":"a.atk - b.def + 100","type":1,"variance":10},"description":"敵に対しランダムに3回、物理\\c[24]100\\c[0]ダメージ与える　 \\i[76]\\c[24]コスト：6\\c[0]\n","effects":[],"hitType":1,"iconIndex":6,"message1":"%1 は %2 を 放った！","message2":"","mpCost":0,"name":"スピンクラッシュ","note":"<nskill:0,-1>　<ctxt1:100x3>　<vcolor2:34>\n","occasion":1,"repeats":1,"requiredWtypeId1":0,"requiredWtypeId2":0,"scope":5,"speed":0,"stypeId":1,"successRate":100,"tpCost":6,"tpGain":0,"messageType":1},
{"id":42,"animationId":104,"damage":{"critical":false,"elementId":1,"formula":"220 + a.mat - b.mdf","type":1,"variance":10},"description":"敵全体に無属性\\c[24]220\\c[0]程度のダメージを与える　　　　\\i[76]\\c[24]コスト：5\\c[0]\n","effects":[],"hitType":2,"iconIndex":71,"message1":"%1 は %2 を 唱えた！","message2":"","messageType":1,"mpCost":0,"name":"マジカルシャワー","note":"<nskill:0,-1>　<ctxt1:全220>　<vcolor2:34>\n","occasion":1,"repeats":1,"requiredWtypeId1":0,"requiredWtypeId2":0,"scope":2,"speed":0,"stypeId":1,"successRate":100,"tpCost":5,"tpGain":0},
{"id":43,"animationId":68,"damage":{"critical":false,"elementId":2,"formula":"200 + a.mat - b.mdf","type":1,"variance":10},"description":"敵全体に\\i[64]属性\\c[24]200\\c[0]程度のダメージを与える　　　　\\i[76]\\c[24]コスト：5\\c[0]","effects":[],"hitType":2,"iconIndex":64,"message1":"%1 は %2 を 唱えた！","message2":"","mpCost":0,"name":"フレイム","note":"<nskill:0,-1>　<ctxt1:全200>　<vcolor2:34>\n","occasion":1,"repeats":1,"requiredWtypeId1":0,"requiredWtypeId2":0,"scope":2,"speed":0,"stypeId":1,"successRate":100,"tpCost":5,"tpGain":0,"messageType":1},
{"id":44,"animationId":83,"damage":{"critical":false,"elementId":3,"formula":"200 + a.mat - b.mdf","type":1,"variance":10},"description":"敵全体に\\i[67]属性\\c[24]200\\c[0]程度のダメージを与える　　　　\\i[76]\\c[24]コスト：5\\c[0]","effects":[],"hitType":2,"iconIndex":67,"message1":"%1 は %2 を 唱えた！","message2":"","mpCost":0,"name":"ウェーブ","note":"<nskill:0,-1>　<ctxt1:全200>　<vcolor2:34>\n","occasion":1,"repeats":1,"requiredWtypeId1":0,"requiredWtypeId2":0,"scope":2,"speed":0,"stypeId":1,"successRate":100,"tpCost":5,"tpGain":0,"messageType":1},
{"id":45,"animationId":94,"damage":{"critical":false,"elementId":4,"formula":"200 + a.mat - b.mdf","type":1,"variance":10},"description":"敵全体に\\i[69]属性\\c[24]200\\c[0]程度のダメージを与える　　　　\\i[76]\\c[24]コスト：5\\c[0]","effects":[],"hitType":2,"iconIndex":69,"message1":"%1 は %2 を 唱えた！","message2":"","mpCost":0,"name":"トルネード","note":"<nskill:0,-1>　<ctxt1:全200>　<vcolor2:34>\n","occasion":1,"repeats":1,"requiredWtypeId1":0,"requiredWtypeId2":0,"scope":2,"speed":0,"stypeId":1,"successRate":100,"tpCost":5,"tpGain":0,"messageType":1},
{"id":46,"animationId":0,"damage":{"critical":false,"elementId":0,"formula":"0","type":0,"variance":20},"description":"","effects":[],"hitType":0,"iconIndex":0,"message1":"","message2":"","messageType":1,"mpCost":0,"name":"","note":"","occasion":0,"repeats":1,"requiredWtypeId1":0,"requiredWtypeId2":0,"scope":1,"speed":0,"stypeId":1,"successRate":100,"tpCost":0,"tpGain":0},
{"id":47,"animationId":41,"damage":{"critical":false,"elementId":0,"formula":"300 + a.mat","type":3,"variance":10},"description":"味方全員の\\i[84]を \\c[14]300 \\c[0]程度回復し、手札の毒も消去　\\i[76]\\c[24]コスト：6\\c[0]\n　戦闘中でのみ使用できる","effects":[{"code":44,"dataId":32,"value1":1,"value2":0}],"hitType":0,"iconIndex":72,"message1":"%1 は %2 を 唱えた！","message2":"","messageType":1,"mpCost":0,"name":"オールヒール","note":"<ctxt1:全300>　<ccolor1:14>　<vcolor2:34>\n","occasion":1,"repeats":1,"requiredWtypeId1":0,"requiredWtypeId2":0,"scope":8,"speed":300,"stypeId":1,"successRate":100,"tpCost":6,"tpGain":0},
{"id":48,"animationId":25,"damage":{"critical":false,"elementId":1,"formula":"a.atk - b.def + 300","type":1,"variance":10},"description":"敵1体に対して、物理\\c[24]300\\c[0]ダメージ程度与える　　　 \\i[76]\\c[24]コスト：7\\c[0]\n　山札の毒カードの数だけ威力に\\c[17]1.3を乗算 \\c[0](300x1.3x1.3x...)","effects":[],"hitType":1,"iconIndex":10,"message1":"%1 は %2 を 使った！","message2":"","mpCost":0,"name":"ヴェノムアタック","note":"<nskill:0,-1>　<ctxt1:300x?>　<vcolor2:34>\n<nxcond:deck,3,1.3,10>\n","occasion":1,"repeats":1,"requiredWtypeId1":0,"requiredWtypeId2":0,"scope":1,"speed":0,"stypeId":1,"successRate":100,"tpCost":7,"tpGain":0,"messageType":1},
{"id":49,"animationId":100,"damage":{"critical":true,"elementId":1,"formula":"a.atk - b.def + 600","type":1,"variance":10},"description":"敵1体に対して、物理\\c[24]600\\c[0]ダメージ程度与える　　　 \\i[76]\\c[24]コスト：8\\c[0]","effects":[],"hitType":0,"iconIndex":78,"message1":"%1 は %2 を 放った！","message2":"","mpCost":0,"name":"エクスカリバー","note":"<nskill:0,-1>　<ctxt1:600>　<vcolor2:34>\n","occasion":1,"repeats":1,"requiredWtypeId1":0,"requiredWtypeId2":0,"scope":1,"speed":0,"stypeId":1,"successRate":100,"tpCost":8,"tpGain":0,"messageType":1},
{"id":50,"animationId":0,"damage":{"critical":false,"elementId":0,"formula":"0","type":0,"variance":20},"description":"","effects":[],"hitType":0,"iconIndex":0,"message1":"","message2":"","messageType":1,"mpCost":0,"name":"","note":"","occasion":0,"repeats":1,"requiredWtypeId1":0,"requiredWtypeId2":0,"scope":1,"speed":0,"stypeId":1,"successRate":100,"tpCost":0,"tpGain":0},
{"id":51,"animationId":0,"damage":{"critical":false,"elementId":0,"formula":"0","type":0,"variance":20},"description":"","effects":[],"hitType":0,"iconIndex":0,"message1":"","message2":"","messageType":1,"mpCost":0,"name":"","note":"","occasion":0,"repeats":1,"requiredWtypeId1":0,"requiredWtypeId2":0,"scope":1,"speed":0,"stypeId":1,"successRate":100,"tpCost":0,"tpGain":0},
{"id":52,"animationId":0,"damage":{"critical":false,"elementId":0,"formula":"0","type":0,"variance":20},"description":"","effects":[],"hitType":0,"iconIndex":0,"message1":"","message2":"","messageType":1,"mpCost":0,"name":"","note":"","occasion":0,"repeats":1,"requiredWtypeId1":0,"requiredWtypeId2":0,"scope":1,"speed":0,"stypeId":1,"successRate":100,"tpCost":0,"tpGain":0},
{"id":53,"animationId":0,"damage":{"critical":false,"elementId":0,"formula":"0","type":0,"variance":20},"description":"手札を１枚選んで\\c[17]捨札へ\\c[0]送る、\\i[76]を\\c[24]＋１　　　　　\\i[76]\\c[24]コスト：0\\c[0]\n　手札がいっぱいの時や 毒を捨てる時に使おう","effects":[{"code":44,"dataId":26,"value1":1,"value2":0}],"hitType":0,"iconIndex":83,"message1":"%1 は %2 を 唱えた！","message2":"","messageType":1,"mpCost":0,"name":"ステル","note":"<vcolor2:34>","occasion":1,"repeats":1,"requiredWtypeId1":0,"requiredWtypeId2":0,"scope":11,"speed":-1500,"stypeId":1,"successRate":100,"tpCost":0,"tpGain":1},
{"id":54,"animationId":0,"damage":{"critical":false,"elementId":0,"formula":"0","type":0,"variance":20},"description":"\\c[18]自滅\\c[0]して戦闘メンバー枠を一つ空け、\\i[76]を\\c[24]＋２\\c[0]　　\\i[76]\\c[24]コスト：0\\c[0]\nさらに、次のドロー予定カードを選択できる","effects":[{"code":21,"dataId":1,"value1":1,"value2":0},{"code":44,"dataId":28,"value1":1,"value2":0}],"hitType":0,"iconIndex":1,"message1":"%1 は 自らの命を \\i[76]に変換した！","message2":"","mpCost":0,"name":"自滅ドロー","note":"<nskill:0,0,sleep>　<vcolor2:34>","occasion":1,"repeats":1,"requiredWtypeId1":0,"requiredWtypeId2":0,"scope":11,"speed":1800,"stypeId":1,"successRate":100,"tpCost":0,"tpGain":2,"messageType":1},
{"id":55,"animationId":0,"damage":{"critical":false,"elementId":0,"formula":"0","type":0,"variance":20},"description":"","effects":[],"hitType":0,"iconIndex":0,"message1":"","message2":"","messageType":1,"mpCost":0,"name":"","note":"","occasion":0,"repeats":1,"requiredWtypeId1":0,"requiredWtypeId2":0,"scope":1,"speed":0,"stypeId":1,"successRate":100,"tpCost":0,"tpGain":0},
{"id":56,"animationId":0,"damage":{"critical":false,"elementId":0,"formula":"0","type":0,"variance":20},"description":"","effects":[],"hitType":0,"iconIndex":0,"message1":"","message2":"","messageType":1,"mpCost":0,"name":"","note":"","occasion":0,"repeats":1,"requiredWtypeId1":0,"requiredWtypeId2":0,"scope":1,"speed":0,"stypeId":1,"successRate":100,"tpCost":0,"tpGain":0},
{"id":57,"animationId":0,"damage":{"critical":false,"elementId":0,"formula":"0","type":0,"variance":20},"description":"","effects":[],"hitType":0,"iconIndex":0,"message1":"","message2":"","messageType":1,"mpCost":0,"name":"","note":"","occasion":0,"repeats":1,"requiredWtypeId1":0,"requiredWtypeId2":0,"scope":1,"speed":0,"stypeId":1,"successRate":100,"tpCost":0,"tpGain":0},
{"id":58,"animationId":0,"damage":{"critical":false,"elementId":0,"formula":"0","type":0,"variance":20},"description":"","effects":[],"hitType":0,"iconIndex":0,"message1":"","message2":"","messageType":1,"mpCost":0,"name":"","note":"","occasion":0,"repeats":1,"requiredWtypeId1":0,"requiredWtypeId2":0,"scope":1,"speed":0,"stypeId":1,"successRate":100,"tpCost":0,"tpGain":0},
{"id":59,"animationId":0,"damage":{"critical":false,"elementId":0,"formula":"0","type":0,"variance":20},"description":"","effects":[],"hitType":0,"iconIndex":0,"message1":"","message2":"","messageType":1,"mpCost":0,"name":"","note":"","occasion":0,"repeats":1,"requiredWtypeId1":0,"requiredWtypeId2":0,"scope":1,"speed":0,"stypeId":1,"successRate":100,"tpCost":0,"tpGain":0},
{"id":60,"animationId":0,"damage":{"critical":false,"elementId":0,"formula":"0","type":0,"variance":20},"description":"","effects":[],"hitType":0,"iconIndex":0,"message1":"","message2":"","messageType":1,"mpCost":0,"name":"","note":"","occasion":0,"repeats":1,"requiredWtypeId1":0,"requiredWtypeId2":0,"scope":1,"speed":0,"stypeId":1,"successRate":100,"tpCost":0,"tpGain":0}
]