[
null,
{"id":1,"members":[{"enemyId":1,"x":94,"y":308,"hidden":false},{"enemyId":1,"x":222,"y":355,"hidden":false}],"name":"大カラス*2","pages":[{"conditions":{"actorHp":50,"actorId":1,"actorValid":false,"enemyHp":50,"enemyIndex":0,"enemyValid":false,"switchId":1,"switchValid":false,"turnA":0,"turnB":0,"turnEnding":false,"turnValid":false},"list":[{"code":108,"indent":0,"parameters":["カードバトル進行はプラグインで自動実行されるため、特殊な設定は不要です"]},{"code":408,"indent":0,"parameters":["　※ バトルイベントはデフォルト通り自由に設定できます"]},{"code":0,"indent":0,"parameters":[]}],"span":0}]},
{"id":2,"members":[{"enemyId":10,"x":160,"y":322,"hidden":false}],"name":"女神","pages":[{"conditions":{"actorHp":50,"actorId":1,"actorValid":false,"enemyHp":50,"enemyIndex":0,"enemyValid":false,"switchId":1,"switchValid":false,"turnA":0,"turnB":0,"turnEnding":false,"turnValid":true},"list":[{"code":101,"indent":0,"parameters":["Nature",6,0,2," 女神 "]},{"code":401,"indent":0,"parameters":["\\>"]},{"code":401,"indent":0,"parameters":["　　最初のターンに 手札が \\c[17]４枚\\c[0] 配られるので、"]},{"code":401,"indent":0,"parameters":["　 \\c[10]『手札』\\c[0]から 何か カードを 使ってみて！"]},{"code":101,"indent":0,"parameters":["Nature",6,0,2," 女神 "]},{"code":401,"indent":0,"parameters":["\\>"]},{"code":401,"indent":0,"parameters":["　カードを使うには、\\c[17]カード右上\\c[0]の \\c[24]コスト値分\\c[0]の"]},{"code":401,"indent":0,"parameters":["　\\i[76]が 必要になるからね"]},{"code":357,"indent":0,"parameters":["NLM_CardGameMZ","predictDraw","次ドロー予定カード",{"itemId":"29","idVariable":"0","pictureSet":"false"}]},{"code":657,"indent":0,"parameters":["カードID = 29"]},{"code":657,"indent":0,"parameters":["カードIDの変数ID = 0"]},{"code":657,"indent":0,"parameters":["ピクチャを自動セット = false"]},{"code":0,"indent":0,"parameters":[]}],"span":0},{"conditions":{"actorHp":50,"actorId":1,"actorValid":false,"enemyHp":50,"enemyIndex":0,"enemyValid":false,"switchId":1,"switchValid":false,"turnA":1,"turnB":0,"turnEnding":true,"turnValid":true},"list":[{"code":101,"indent":0,"parameters":["Nature",6,0,2," 女神 "]},{"code":401,"indent":0,"parameters":["\\>"]},{"code":401,"indent":0,"parameters":["　 \\c[10]「トリガー」\\c[0]カード を ドローすると、"]},{"code":401,"indent":0,"parameters":["　　\\i[76]の消費なく \\c[10]トリガー効果 \\c[0]が 即発動するの"]},{"code":101,"indent":0,"parameters":["Nature",6,0,2," 女神 "]},{"code":401,"indent":0,"parameters":["\\>"]},{"code":401,"indent":0,"parameters":["　　\\c[23]「シールド」\\c[0]で \\i[81]を 増やしておけば、"]},{"code":401,"indent":0,"parameters":["　　 \\i[84]の \\c[17]ダメージを 肩代わり\\c[0]してくれるわ"]},{"code":357,"indent":0,"parameters":["NLM_CardGameMZ","predictDraw","次ドロー予定カード",{"itemId":"57","idVariable":"0","pictureSet":"false"}]},{"code":657,"indent":0,"parameters":["カードID = 57"]},{"code":657,"indent":0,"parameters":["カードIDの変数ID = 0"]},{"code":657,"indent":0,"parameters":["ピクチャを自動セット = false"]},{"code":0,"indent":0,"parameters":[]}],"span":0},{"conditions":{"actorHp":50,"actorId":1,"actorValid":false,"enemyHp":50,"enemyIndex":0,"enemyValid":false,"switchId":1,"switchValid":false,"turnA":2,"turnB":0,"turnEnding":true,"turnValid":true},"list":[{"code":101,"indent":0,"parameters":["Nature",6,0,2," 女神 "]},{"code":401,"indent":0,"parameters":["\\>"]},{"code":401,"indent":0,"parameters":["  毎ターン \\c[17]人数に応じて \\i[76]\\c[24]が増加\\c[0] するから、"]},{"code":401,"indent":0,"parameters":[" \\c[17]「召喚」\\c[0]で 人数を 増やしておくのが お得ね"]},{"code":101,"indent":0,"parameters":["Nature",6,0,2," 女神 "]},{"code":401,"indent":0,"parameters":["\\>"]},{"code":401,"indent":0,"parameters":["　\\c[17]召喚キャラ \\c[0]は 戦闘の最後まで 生き残ると"]},{"code":401,"indent":0,"parameters":["　\\c[23]経験値\\c[0]が たまり、レベルアップしていくわ"]},{"code":0,"indent":0,"parameters":[]}],"span":0},{"conditions":{"actorHp":50,"actorId":1,"actorValid":false,"enemyHp":50,"enemyIndex":0,"enemyValid":false,"switchId":1,"switchValid":false,"turnA":3,"turnB":0,"turnEnding":true,"turnValid":true},"list":[{"code":101,"indent":0,"parameters":["Nature",6,0,2," 女神 "]},{"code":401,"indent":0,"parameters":["\\>"]},{"code":401,"indent":0,"parameters":[" \\c[10]火属性\\c[0]攻撃は \\c[24]風属性\\c[0]の敵に対し \\c[17]1.6倍\\c[0]のダメージ"]},{"code":401,"indent":0,"parameters":[" \\c[24]風属性\\c[0]攻撃は \\c[23]水属性\\c[0]の敵に対し \\c[17]1.6倍\\c[0]のダメージ"]},{"code":401,"indent":0,"parameters":[" \\c[23]水属性\\c[0]攻撃は \\c[10]火属性\\c[0]の敵に対し \\c[17]1.6倍\\c[0]のダメージ"]},{"code":101,"indent":0,"parameters":["Nature",6,0,2," 女神 "]},{"code":401,"indent":0,"parameters":["\\>"]},{"code":401,"indent":0,"parameters":["　敵の属性に対し、\\c[17]有利な属性攻撃\\c[0]を 行なうのが"]},{"code":401,"indent":0,"parameters":["　本ゲームの コツかしら"]},{"code":0,"indent":0,"parameters":[]}],"span":0},{"conditions":{"actorHp":50,"actorId":1,"actorValid":false,"enemyHp":50,"enemyIndex":0,"enemyValid":false,"switchId":1,"switchValid":false,"turnA":4,"turnB":0,"turnEnding":true,"turnValid":true},"list":[{"code":101,"indent":0,"parameters":["Nature",6,0,2," 女神 "]},{"code":401,"indent":0,"parameters":["\\>"]},{"code":401,"indent":0,"parameters":["　ケイシー が \\c[24]「メニュー」\\c[0]を 選ぶと、"]},{"code":401,"indent":0,"parameters":["　\\c[17]スキル\\c[0] や \\c[17]防御\\c[0] も 使う ことが できるわ"]},{"code":101,"indent":0,"parameters":["Nature",6,0,2," 女神 "]},{"code":401,"indent":0,"parameters":["\\>"]},{"code":401,"indent":0,"parameters":[" \\c[17]防御\\c[0]すると カードを使わずに \\i[81]を\\c[23]＋50\\c[0]できるわ"]},{"code":401,"indent":0,"parameters":[" 防御を使う敵も いるから注意してね"]},{"code":0,"indent":0,"parameters":[]}],"span":0},{"conditions":{"actorHp":50,"actorId":1,"actorValid":false,"enemyHp":50,"enemyIndex":0,"enemyValid":false,"switchId":1,"switchValid":false,"turnA":0,"turnB":5,"turnEnding":true,"turnValid":true},"list":[{"code":101,"indent":0,"parameters":["Nature",6,0,2," 女神 "]},{"code":401,"indent":0,"parameters":["\\>"]},{"code":401,"indent":0,"parameters":["ケイシーが \\c[24]２回キャンセル\\c[0]（右上の矢印）を押すと"]},{"code":401,"indent":0,"parameters":["\\c[17]「逃げる」\\c[0]を 選ぶ ことも できるからね"]},{"code":101,"indent":0,"parameters":["Nature",6,0,2," 女神 "]},{"code":401,"indent":0,"parameters":["\\>"]},{"code":401,"indent":0,"parameters":["\\c[10]敵ボス\\c[0]からでも 確実に \\c[17]逃げることができる\\c[0]から、"]},{"code":401,"indent":0,"parameters":["危なくなったら、迷わず 逃げるのよ"]},{"code":0,"indent":0,"parameters":[]}],"span":1}]},
{"id":3,"members":[{"enemyId":1,"x":87,"y":286,"hidden":false},{"enemyId":2,"x":224,"y":342,"hidden":false}],"name":"大カラス, ゴブリン","pages":[{"conditions":{"actorHp":50,"actorId":1,"actorValid":false,"enemyHp":50,"enemyIndex":0,"enemyValid":false,"switchId":1,"switchValid":false,"turnA":0,"turnB":0,"turnEnding":false,"turnValid":false},"list":[{"code":0,"indent":0,"parameters":[]}],"span":0}]},
{"id":4,"members":[{"enemyId":2,"x":92,"y":343,"hidden":false},{"enemyId":2,"x":215,"y":290,"hidden":false}],"name":"ゴブリン*2","pages":[{"conditions":{"actorHp":50,"actorId":1,"actorValid":false,"enemyHp":50,"enemyIndex":0,"enemyValid":false,"switchId":1,"switchValid":false,"turnA":0,"turnB":0,"turnEnding":false,"turnValid":false},"list":[{"code":0,"indent":0,"parameters":[]}],"span":0}]},
{"id":5,"members":[{"enemyId":3,"x":172,"y":336,"hidden":false}],"name":"クラブ","pages":[{"conditions":{"actorHp":50,"actorId":1,"actorValid":false,"enemyHp":50,"enemyIndex":0,"enemyValid":false,"switchId":1,"switchValid":false,"turnA":0,"turnB":0,"turnEnding":false,"turnValid":false},"list":[{"code":0,"indent":0,"parameters":[]}],"span":0}]},
{"id":6,"members":[{"enemyId":1,"x":95,"y":301,"hidden":false},{"enemyId":3,"x":222,"y":356,"hidden":false}],"name":"大カラス, クラブ","pages":[{"conditions":{"actorHp":50,"actorId":1,"actorValid":false,"enemyHp":50,"enemyIndex":0,"enemyValid":false,"switchId":1,"switchValid":false,"turnA":0,"turnB":0,"turnEnding":false,"turnValid":false},"list":[{"code":0,"indent":0,"parameters":[]}],"span":0}]},
{"id":7,"members":[{"enemyId":2,"x":98,"y":277,"hidden":false},{"enemyId":2,"x":219,"y":339,"hidden":false}],"name":"ゴブリン*2","pages":[{"conditions":{"actorHp":50,"actorId":1,"actorValid":false,"enemyHp":50,"enemyIndex":0,"enemyValid":false,"switchId":1,"switchValid":false,"turnA":0,"turnB":0,"turnEnding":false,"turnValid":false},"list":[{"code":0,"indent":0,"parameters":[]}],"span":0}]},
{"id":8,"members":[{"enemyId":7,"x":154,"y":357,"hidden":false}],"name":"バードマン","pages":[{"conditions":{"actorHp":50,"actorId":1,"actorValid":false,"enemyHp":50,"enemyIndex":0,"enemyValid":false,"switchId":1,"switchValid":false,"turnA":0,"turnB":0,"turnEnding":false,"turnValid":false},"list":[{"code":0,"indent":0,"parameters":[]}],"span":0}]},
{"id":9,"members":[{"enemyId":3,"x":100,"y":346,"hidden":false},{"enemyId":2,"x":217,"y":293,"hidden":false}],"name":"クラブ, ゴブリン","pages":[{"conditions":{"actorHp":50,"actorId":1,"actorValid":false,"enemyHp":50,"enemyIndex":0,"enemyValid":false,"switchId":1,"switchValid":false,"turnA":0,"turnB":0,"turnEnding":false,"turnValid":false},"list":[{"code":0,"indent":0,"parameters":[]}],"span":0}]},
{"id":10,"members":[{"enemyId":4,"x":92,"y":356,"hidden":false},{"enemyId":3,"x":213,"y":305,"hidden":false}],"name":"毒サソリ, クラブ","pages":[{"conditions":{"actorHp":50,"actorId":1,"actorValid":false,"enemyHp":50,"enemyIndex":0,"enemyValid":false,"switchId":1,"switchValid":false,"turnA":0,"turnB":0,"turnEnding":false,"turnValid":false},"list":[{"code":0,"indent":0,"parameters":[]}],"span":0}]},
{"id":11,"members":[{"enemyId":3,"x":92,"y":357,"hidden":false},{"enemyId":3,"x":219,"y":303,"hidden":false}],"name":"クラブ*2","pages":[{"conditions":{"actorHp":50,"actorId":1,"actorValid":false,"enemyHp":50,"enemyIndex":0,"enemyValid":false,"switchId":1,"switchValid":false,"turnA":0,"turnB":0,"turnEnding":false,"turnValid":false},"list":[{"code":0,"indent":0,"parameters":[]}],"span":0}]},
{"id":12,"members":[{"enemyId":4,"x":97,"y":352,"hidden":false},{"enemyId":4,"x":219,"y":298,"hidden":false}],"name":"毒サソリ*2","pages":[{"conditions":{"actorHp":50,"actorId":1,"actorValid":false,"enemyHp":50,"enemyIndex":0,"enemyValid":false,"switchId":1,"switchValid":false,"turnA":0,"turnB":0,"turnEnding":false,"turnValid":false},"list":[{"code":0,"indent":0,"parameters":[]}],"span":0}]},
{"id":13,"members":[{"enemyId":5,"x":174,"y":320,"hidden":false}],"name":"牙ウォーム","pages":[{"conditions":{"actorHp":50,"actorId":1,"actorValid":false,"enemyHp":50,"enemyIndex":0,"enemyValid":false,"switchId":1,"switchValid":false,"turnA":0,"turnB":0,"turnEnding":false,"turnValid":false},"list":[{"code":0,"indent":0,"parameters":[]}],"span":0}]},
{"id":14,"members":[{"enemyId":8,"x":139,"y":360,"hidden":false}],"name":"クラーケン","pages":[{"conditions":{"actorHp":50,"actorId":1,"actorValid":false,"enemyHp":50,"enemyIndex":0,"enemyValid":false,"switchId":1,"switchValid":false,"turnA":0,"turnB":0,"turnEnding":false,"turnValid":false},"list":[{"code":0,"indent":0,"parameters":[]}],"span":0}]},
{"id":15,"members":[{"enemyId":5,"x":100,"y":347,"hidden":false},{"enemyId":6,"x":221,"y":304,"hidden":false}],"name":"牙ウォーム, サラマンダ","pages":[{"conditions":{"actorHp":50,"actorId":1,"actorValid":false,"enemyHp":50,"enemyIndex":0,"enemyValid":false,"switchId":1,"switchValid":false,"turnA":0,"turnB":0,"turnEnding":false,"turnValid":false},"list":[{"code":0,"indent":0,"parameters":[]}],"span":0}]},
{"id":16,"members":[{"enemyId":5,"x":89,"y":352,"hidden":false},{"enemyId":5,"x":210,"y":295,"hidden":false}],"name":"牙ウォーム*2","pages":[{"conditions":{"actorHp":50,"actorId":1,"actorValid":false,"enemyHp":50,"enemyIndex":0,"enemyValid":false,"switchId":1,"switchValid":false,"turnA":0,"turnB":0,"turnEnding":false,"turnValid":false},"list":[{"code":0,"indent":0,"parameters":[]}],"span":0}]},
{"id":17,"members":[{"enemyId":6,"x":89,"y":345,"hidden":false},{"enemyId":6,"x":216,"y":301,"hidden":false}],"name":"サラマンダ*2","pages":[{"conditions":{"actorHp":50,"actorId":1,"actorValid":false,"enemyHp":50,"enemyIndex":0,"enemyValid":false,"switchId":1,"switchValid":false,"turnA":0,"turnB":0,"turnEnding":false,"turnValid":false},"list":[{"code":0,"indent":0,"parameters":[]}],"span":0}]},
{"id":18,"members":[{"enemyId":6,"x":89,"y":352,"hidden":false},{"enemyId":2,"x":208,"y":286,"hidden":false}],"name":"サラマンダ, ゴブリン","pages":[{"conditions":{"actorHp":50,"actorId":1,"actorValid":false,"enemyHp":50,"enemyIndex":0,"enemyValid":false,"switchId":1,"switchValid":false,"turnA":0,"turnB":0,"turnEnding":false,"turnValid":false},"list":[{"code":0,"indent":0,"parameters":[]}],"span":0}]},
{"id":19,"members":[{"enemyId":9,"x":162,"y":352,"hidden":false}],"name":"火の鳥","pages":[{"conditions":{"actorHp":50,"actorId":1,"actorValid":false,"enemyHp":50,"enemyIndex":0,"enemyValid":false,"switchId":1,"switchValid":false,"turnA":0,"turnB":0,"turnEnding":false,"turnValid":false},"list":[{"code":0,"indent":0,"parameters":[]}],"span":0}]},
{"id":20,"members":[{"enemyId":11,"x":142,"y":364,"hidden":false}],"name":"不死王","pages":[{"conditions":{"actorHp":50,"actorId":1,"actorValid":false,"enemyHp":50,"enemyIndex":0,"enemyValid":false,"switchId":1,"switchValid":false,"turnA":0,"turnB":0,"turnEnding":false,"turnValid":true},"list":[{"code":108,"indent":0,"parameters":["戦闘テスト用"]},{"code":122,"indent":0,"parameters":[37,37,0,0,71]},{"code":122,"indent":0,"parameters":[38,38,0,0,5]},{"code":357,"indent":0,"parameters":["NLM_CardLayoutMZ","cardUpdate","カード化画像更新",{}]},{"code":108,"indent":0,"parameters":["【補足】敵カード画は ダメージ時やターン遷移時のみ 値・画像が更新されますが"]},{"code":408,"indent":0,"parameters":["　　　　このプラグインコマンドを使用すると、値・画像を即時更新できます"]},{"code":0,"indent":0,"parameters":[]}],"span":0}]},
{"id":21,"members":[{"enemyId":12,"x":162,"y":360,"hidden":false}],"name":"強バードマン","pages":[{"conditions":{"actorHp":50,"actorId":1,"actorValid":false,"enemyHp":50,"enemyIndex":0,"enemyValid":false,"switchId":1,"switchValid":false,"turnA":0,"turnB":0,"turnEnding":false,"turnValid":false},"list":[{"code":0,"indent":0,"parameters":[]}],"span":0}]},
{"id":22,"members":[{"enemyId":13,"x":145,"y":351,"hidden":false}],"name":"強クラーケン","pages":[{"conditions":{"actorHp":50,"actorId":1,"actorValid":false,"enemyHp":50,"enemyIndex":0,"enemyValid":false,"switchId":1,"switchValid":false,"turnA":0,"turnB":0,"turnEnding":false,"turnValid":false},"list":[{"code":0,"indent":0,"parameters":[]}],"span":0}]},
{"id":23,"members":[{"enemyId":14,"x":161,"y":355,"hidden":false}],"name":"強火の鳥","pages":[{"conditions":{"actorHp":50,"actorId":1,"actorValid":false,"enemyHp":50,"enemyIndex":0,"enemyValid":false,"switchId":1,"switchValid":false,"turnA":0,"turnB":0,"turnEnding":false,"turnValid":false},"list":[{"code":0,"indent":0,"parameters":[]}],"span":0}]},
{"id":24,"members":[{"enemyId":15,"x":145,"y":366,"hidden":false}],"name":"強不死王","pages":[{"conditions":{"actorHp":50,"actorId":1,"actorValid":false,"enemyHp":50,"enemyIndex":0,"enemyValid":false,"switchId":1,"switchValid":false,"turnA":0,"turnB":0,"turnEnding":false,"turnValid":true},"list":[{"code":108,"indent":0,"parameters":["戦闘テスト用"]},{"code":122,"indent":0,"parameters":[37,37,0,0,71]},{"code":122,"indent":0,"parameters":[38,38,0,0,5]},{"code":357,"indent":0,"parameters":["NLM_CardLayoutMZ","cardUpdate","カード化画像更新",{}]},{"code":108,"indent":0,"parameters":["【補足】敵カード画は ダメージ時やターン遷移時のみ 値・画像が更新されますが"]},{"code":408,"indent":0,"parameters":["　　　　このプラグインコマンドを使用すると、値・画像を即時更新できます"]},{"code":0,"indent":0,"parameters":[]}],"span":0}]},
{"id":25,"members":[],"name":"","pages":[{"conditions":{"actorHp":50,"actorId":1,"actorValid":false,"enemyHp":50,"enemyIndex":0,"enemyValid":false,"switchId":1,"switchValid":false,"turnA":0,"turnB":0,"turnEnding":false,"turnValid":false},"list":[{"code":0,"indent":0,"parameters":[]}],"span":0}]},
{"id":26,"members":[],"name":"","pages":[{"conditions":{"actorHp":50,"actorId":1,"actorValid":false,"enemyHp":50,"enemyIndex":0,"enemyValid":false,"switchId":1,"switchValid":false,"turnA":0,"turnB":0,"turnEnding":false,"turnValid":false},"list":[{"code":0,"indent":0,"parameters":[]}],"span":0}]},
{"id":27,"members":[],"name":"","pages":[{"conditions":{"actorHp":50,"actorId":1,"actorValid":false,"enemyHp":50,"enemyIndex":0,"enemyValid":false,"switchId":1,"switchValid":false,"turnA":0,"turnB":0,"turnEnding":false,"turnValid":false},"list":[{"code":0,"indent":0,"parameters":[]}],"span":0}]}
]