[
null,
{"id":1,"animationId":0,"description":"<CWPic:ファイル名> など ：画像ファイル指定(.png不要)\n<cadd:配列>　　　　　　 ：画像補足情報（省略可）","etypeId":1,"traits":[{"code":31,"dataId":1,"value":0},{"code":22,"dataId":0,"value":0}],"iconIndex":0,"name":"【メモ欄の書き方】","note":"picturesフォルダ　 <CWPic:ファイル名> <cadd:倍率,X補正,Y補正>\nenemiesフォルダ　  <CWEne:ファイル名> <cadd:倍率,X補正,Y補正>\nsv_enemiesフォルダ <CWSve:ファイル名> <cadd:倍率,X補正,Y補正>\ncharactersフォルダ <CWCha:ファイル名> <cadd:X座標,Y座標,倍率,X補正,Y補正>\nfacesフォルダ　　  <CWFac:ファイル名> <cadd:X座標,Y座標,倍率,X補正,Y補正>\nsv_actorsフォルダ  <CWSva:ファイル名> <cadd:X座標,Y座標,倍率,X補正,Y補正>\nsystemフォルダ　　 <CWSys:ファイル名> <cadd:X座標,Y座標,倍率,X補正,Y補正>\n　　　　　　　　　 <CWSys:IconSet>    <cadd:アイコンID, 倍率,X補正,Y補正>\n　→ Baloon, States, Weapons1-3, IconSetのみ対応\nanimationsフォルダ <CWAni:ファイル名> <cadd:X座標,Y座標,倍率,X補正,Y補正>\n　→ imgフォルダ下にanimationsフォルダを作成後、MV規格アニメ素材を入れた場合のみ\ntilesetsフォルダ　 <CWTil:ファイル名> <cadd:X座標,Y座標,X連結数,Y連結数,倍率,X補正,Y補正>\n\n(例)\n　<CWEne:Goblin>　 <cadd:1.2, 0, -10>\n　<CWCha:Actor1>   <cadd:10,4>\n　<CWSys:IconSet>  <cadd:64, 0.6>\n　<CWTil:Inside_B> <cadd:13,9,3,2>\n\n(補足)\n <cadd:>省略時は、倍率と連結数は 1、その他の値は 0 になる\n X,Y座標は 0 から数えはじめる、連結数はX,Y軸上で連続するタイル数\n　　複数画像が並ぶ例　①②③④　　  ③は 　X座標2、Y座標0　と数える\n　　　　　　　　　　　⑤⑥⑦⑧　　  ⑥⑦は X座標1、Y座標1、X連結数2、Y連結数1 と数える\n 大文字・小文字が識別されるので入力間違いに注意！","params":[0,0,0,0,0,0,0,0],"price":0,"wtypeId":0},
{"id":2,"animationId":0,"description":"","etypeId":1,"traits":[{"code":31,"dataId":1,"value":0},{"code":22,"dataId":0,"value":0}],"iconIndex":0,"name":"","note":"","params":[0,0,0,0,0,0,0,0],"price":0,"wtypeId":0},
{"id":3,"animationId":1,"description":"【杖】\n安価で一般に普及している杖","etypeId":1,"traits":[{"code":22,"dataId":0,"value":0}],"iconIndex":101,"name":"ウッドスタッフ","note":"<CWSys:Weapons1>　　　←メイン画指定\n<cadd:2, 5, 0.7, 20, -20>\n　→ X座標,Y座標,倍率,X補正,Y補正\n　　（※ X,Y座標はゼロから数え始める）","params":[0,0,9,0,2,1,0,0],"price":280,"wtypeId":6},
{"id":4,"animationId":6,"description":"【剣】\nミスリルで作られた長剣","etypeId":1,"traits":[{"code":22,"dataId":0,"value":0}],"iconIndex":97,"name":"ミスリルソード","note":"<CWSys:Weapons1>　<cadd:2,1,0.7,20,-20>","params":[0,0,20,0,0,0,0,0],"price":3890,"wtypeId":2},
{"id":5,"animationId":6,"description":"【短剣】\nミスリルで作られた短刀","etypeId":1,"traits":[{"code":22,"dataId":0,"value":0}],"iconIndex":96,"name":"ミスリルダガー","note":"<CWSys:Weapons1>　<cadd:2,0,0.7,20,-20>","params":[0,0,18,0,0,0,0,0],"price":2930,"wtypeId":1},
{"id":6,"animationId":11,"description":"【槍】\n柄を可能な限り長くした槍","etypeId":1,"traits":[{"code":22,"dataId":0,"value":0}],"iconIndex":107,"name":"ロングスピア","note":"<CWSys:Weapons1>　<cadd:5,5,0.5,20,-10>","params":[0,0,17,0,0,0,0,0],"price":890,"wtypeId":12},
{"id":7,"animationId":6,"description":"【斧】\n伐採に使う小型の斧","etypeId":1,"traits":[{"code":22,"dataId":0,"value":0}],"iconIndex":99,"name":"ハンドアクス","note":"<CWSys:Weapons1>　<cadd:2,3,0.55,25,-10>","params":[0,0,13,0,0,0,0,0],"price":480,"wtypeId":4},
{"id":8,"animationId":6,"description":"【短剣】\n日常生活にも使えるナイフ","etypeId":1,"traits":[{"code":22,"dataId":0,"value":0}],"iconIndex":96,"name":"ナイフ","note":"<CWSys:Weapons1>　<cadd:2,0,0.7,20,-20>","params":[0,0,12,0,0,0,0,0],"price":280,"wtypeId":1},
{"id":9,"animationId":0,"description":"","etypeId":1,"traits":[{"code":31,"dataId":1,"value":0},{"code":22,"dataId":0,"value":0}],"iconIndex":0,"name":"","note":"","params":[0,0,0,0,0,0,0,0],"price":0,"wtypeId":0},
{"id":10,"animationId":0,"description":"","etypeId":1,"traits":[{"code":31,"dataId":1,"value":0},{"code":22,"dataId":0,"value":0}],"iconIndex":0,"name":"","note":"","params":[0,0,0,0,0,0,0,0],"price":0,"wtypeId":0}
]